cdr_id,caller,receiver,call_datetime,duration_seconds,call_type,cell_tower
1,9876543210,9123456789,2024-01-01T01:51:00,396,Mobile-Mobile,Tower_Bangalore
2,9876543210,9123456789,2024-01-01T03:46:00,847,Mobile-Mobile,Tower_Delhi_Central
3,9876543210,9123456789,2024-01-01T14:44:00,294,Mobile-Mobile,Tower_Delhi_Central
4,9876543210,9123456789,2024-01-01T11:42:00,436,Mobile-Mobile,Tower_UP_Kanpur
5,9876543210,9123456789,2024-01-01T17:00:00,1009,Mobile-Mobile,Tower_Bangalore
6,9876543210,9123456789,2024-01-01T19:31:00,486,Mobile-Mobile,Tower_Bangalore
7,9876543210,9123456789,2024-01-01T20:11:00,1183,Mobile-Mobile,Tower_Bangalore
8,9876543210,9123456789,2024-01-01T18:25:00,96,Mobile-Mobile,Tower_UP_Kanpur
9,9876543210,9123456789,2024-01-01T17:10:00,822,Mobile-Mobile,Tower_Mumbai_Central
10,9876543210,8765432109,2024-01-01T20:13:00,611,Mobile-Mobile,Tower_Bangalore
11,9876543210,8765432109,2024-01-01T03:07:00,198,Mobile-Mobile,Tower_UP_Kanpur
12,9876543210,8765432109,2024-01-01T10:56:00,82,Mobile-Mobile,Tower_Mumbai_Central
13,9876543210,8765432109,2024-01-01T01:28:00,811,Mobile-Mobile,Tower_UP_Kanpur
14,9876543210,8765432109,2024-01-01T23:03:00,814,Mobile-Mobile,Tower_Bangalore
15,9876543210,8765432109,2024-01-01T01:13:00,831,Mobile-Mobile,Tower_Delhi_Central
16,9876543210,7654321098,2024-01-01T17:31:00,54,Mobile-Mobile,Tower_UP_Kanpur
17,9876543210,7654321098,2024-01-01T01:55:00,503,Mobile-Mobile,Tower_Mumbai_Central
18,9876543210,7654321098,2024-01-01T03:52:00,943,Mobile-Mobile,Tower_UP_Kanpur
19,9123456789,9876543210,2024-01-01T01:03:00,1101,Mobile-Mobile,Tower_Bangalore
20,9123456789,9876543210,2024-01-01T23:06:00,974,Mobile-Mobile,Tower_UP_Kanpur
21,9123456789,9876543210,2024-01-01T03:16:00,377,Mobile-Mobile,Tower_UP_Kanpur
22,9123456789,9876543210,2024-01-01T02:34:00,306,Mobile-Mobile,Tower_Delhi_Central
23,9123456789,9876543210,2024-01-01T01:08:00,81,Mobile-Mobile,Tower_Mumbai_Central
24,9123456789,9876543210,2024-01-01T02:22:00,490,Mobile-Mobile,Tower_Delhi_Central
25,9123456789,9876543210,2024-01-01T12:38:00,242,Mobile-Mobile,Tower_UP_Kanpur
26,9123456789,9876543210,2024-01-01T01:22:00,211,Mobile-Mobile,Tower_Mumbai_Central
27,9123456789,9876543210,2024-01-01T14:57:00,945,Mobile-Mobile,Tower_Mumbai_Central
28,9123456789,9876543210,2024-01-01T20:30:00,1055,Mobile-Mobile,Tower_Mumbai_Central
29,9012345678,9876543210,2024-01-01T02:51:00,658,Mobile-Mobile,Tower_Delhi_Central
30,9012345678,9876543210,2024-01-01T15:36:00,1140,Mobile-Mobile,Tower_Mumbai_Central
31,9012345678,9876543210,2024-01-01T18:40:00,445,Mobile-Mobile,Tower_Delhi_Central
32,9012345678,9876543210,2024-01-01T19:45:00,37,Mobile-Mobile,Tower_UP_Kanpur
33,9012345678,9876543210,2024-01-01T17:19:00,995,Mobile-Mobile,Tower_UP_Kanpur
34,9012345678,9876543210,2024-01-01T09:20:00,576,Mobile-Mobile,Tower_UP_Kanpur
35,9012345678,9876543210,2024-01-01T11:46:00,224,Mobile-Mobile,Tower_UP_Kanpur
36,8765432109,8912345678,2024-01-01T23:08:00,318,Mobile-Mobile,Tower_Delhi_Central
37,8765432109,8912345678,2024-01-01T16:17:00,534,Mobile-Mobile,Tower_Bangalore
38,8765432109,8912345678,2024-01-01T03:41:00,174,Mobile-Mobile,Tower_UP_Kanpur
39,8765432109,8912345678,2024-01-01T14:52:00,65,Mobile-Mobile,Tower_UP_Kanpur
40,8765432109,8912345678,2024-01-01T18:58:00,474,Mobile-Mobile,Tower_Bangalore
41,8765432109,8912345678,2024-01-01T23:04:00,336,Mobile-Mobile,Tower_UP_Kanpur
42,8765432109,8912345678,2024-01-01T09:25:00,460,Mobile-Mobile,Tower_UP_Kanpur
43,8765432109,8912345678,2024-01-01T18:40:00,187,Mobile-Mobile,Tower_UP_Kanpur
44,8765432109,8912345678,2024-01-01T11:10:00,861,Mobile-Mobile,Tower_Delhi_Central
45,8765432109,8912345678,2024-01-01T13:05:00,228,Mobile-Mobile,Tower_Delhi_Central
46,8765432109,8912345678,2024-01-01T02:02:00,116,Mobile-Mobile,Tower_Delhi_Central
47,8765432109,8912345678,2024-01-01T03:10:00,355,Mobile-Mobile,Tower_UP_Kanpur
48,8765432109,8912345678,2024-01-01T03:42:00,189,Mobile-Mobile,Tower_Delhi_Central
49,8765432109,6543210987,2024-01-01T20:48:00,498,Mobile-Mobile,Tower_Mumbai_Central
50,8765432109,6543210987,2024-01-01T11:39:00,376,Mobile-Mobile,Tower_Bangalore
51,8765432109,6543210987,2024-01-01T23:14:00,977,Mobile-Mobile,Tower_UP_Kanpur
52,8765432109,6543210987,2024-01-01T13:50:00,1151,Mobile-Mobile,Tower_UP_Kanpur
53,8765432109,6543210987,2024-01-01T19:38:00,622,Mobile-Mobile,Tower_Bangalore
54,8765432109,6543210987,2024-01-01T21:05:00,960,Mobile-Mobile,Tower_Bangalore
55,8765432109,6543210987,2024-01-01T21:26:00,811,Mobile-Mobile,Tower_Bangalore
56,8765432109,6543210987,2024-01-01T02:19:00,685,Mobile-Mobile,Tower_Delhi_Central
57,8765432109,6543210987,2024-01-01T20:28:00,989,Mobile-Mobile,Tower_Mumbai_Central
58,8765432109,6543210987,2024-01-01T10:30:00,457,Mobile-Mobile,Tower_Bangalore
59,7654321098,7123456789,2024-01-01T10:54:00,408,Mobile-Mobile,Tower_Bangalore
60,7654321098,7123456789,2024-01-01T10:27:00,296,Mobile-Mobile,Tower_Delhi_Central
61,7654321098,7123456789,2024-01-01T23:21:00,379,Mobile-Mobile,Tower_Delhi_Central
62,7654321098,7123456789,2024-01-01T01:47:00,802,Mobile-Mobile,Tower_UP_Kanpur
63,7654321098,7123456789,2024-01-01T09:50:00,112,Mobile-Mobile,Tower_Mumbai_Central
64,7654321098,7123456789,2024-01-01T13:01:00,870,Mobile-Mobile,Tower_Delhi_Central
65,7654321098,7123456789,2024-01-01T18:36:00,1082,Mobile-Mobile,Tower_Mumbai_Central
66,7654321098,7123456789,2024-01-01T10:36:00,139,Mobile-Mobile,Tower_UP_Kanpur
67,7654321098,7123456789,2024-01-01T20:59:00,389,Mobile-Mobile,Tower_Mumbai_Central
68,7654321098,7123456789,2024-01-01T19:34:00,266,Mobile-Mobile,Tower_Bangalore
69,7654321098,7123456789,2024-01-01T15:06:00,590,Mobile-Mobile,Tower_Delhi_Central
70,7654321098,7123456789,2024-01-01T23:36:00,334,Mobile-Mobile,Tower_Delhi_Central
71,7654321098,7123456789,2024-01-01T14:34:00,1158,Mobile-Mobile,Tower_Bangalore
72,7654321098,7123456789,2024-01-01T11:38:00,385,Mobile-Mobile,Tower_UP_Kanpur
73,7654321098,7123456789,2024-01-01T20:59:00,1013,Mobile-Mobile,Tower_Bangalore
74,7654321098,7123456789,2024-01-01T10:02:00,44,Mobile-Mobile,Tower_UP_Kanpur
75,7654321098,7123456789,2024-01-01T14:04:00,825,Mobile-Mobile,Tower_Bangalore
76,7123456789,7654321098,2024-01-01T10:19:00,526,Mobile-Mobile,Tower_Mumbai_Central
77,7123456789,7654321098,2024-01-01T09:30:00,418,Mobile-Mobile,Tower_Bangalore
78,7123456789,7654321098,2024-01-01T14:14:00,109,Mobile-Mobile,Tower_UP_Kanpur
79,7123456789,7654321098,2024-01-01T01:05:00,1163,Mobile-Mobile,Tower_Delhi_Central
80,7123456789,7654321098,2024-01-01T18:24:00,1146,Mobile-Mobile,Tower_Delhi_Central
81,7123456789,7654321098,2024-01-01T23:16:00,245,Mobile-Mobile,Tower_Mumbai_Central
82,7123456789,7654321098,2024-01-01T18:16:00,644,Mobile-Mobile,Tower_Delhi_Central
83,7123456789,7654321098,2024-01-01T10:22:00,379,Mobile-Mobile,Tower_Mumbai_Central
84,7123456789,7654321098,2024-01-01T23:43:00,885,Mobile-Mobile,Tower_UP_Kanpur
85,7123456789,7654321098,2024-01-01T14:56:00,154,Mobile-Mobile,Tower_Delhi_Central
86,7123456789,7654321098,2024-01-01T11:41:00,220,Mobile-Mobile,Tower_Bangalore
87,7123456789,7654321098,2024-01-01T02:55:00,584,Mobile-Mobile,Tower_Mumbai_Central
88,7123456789,7654321098,2024-01-01T16:47:00,803,Mobile-Mobile,Tower_Mumbai_Central
89,7123456789,7654321098,2024-01-01T02:37:00,1098,Mobile-Mobile,Tower_Bangalore
90,7123456789,7654321098,2024-01-01T21:47:00,789,Mobile-Mobile,Tower_Bangalore
91,6543210987,6234567890,2024-01-01T23:35:00,705,Mobile-Mobile,Tower_Delhi_Central
92,6543210987,6234567890,2024-01-01T09:18:00,1160,Mobile-Mobile,Tower_Mumbai_Central
93,6543210987,6234567890,2024-01-01T21:09:00,534,Mobile-Mobile,Tower_Bangalore
94,6543210987,6234567890,2024-01-01T01:31:00,54,Mobile-Mobile,Tower_Mumbai_Central
95,6543210987,6234567890,2024-01-01T14:05:00,654,Mobile-Mobile,Tower_Bangalore
96,6543210987,6234567890,2024-01-01T12:11:00,253,Mobile-Mobile,Tower_Bangalore
97,6543210987,6234567890,2024-01-01T10:19:00,1088,Mobile-Mobile,Tower_Mumbai_Central
98,6543210987,6234567890,2024-01-01T23:50:00,805,Mobile-Mobile,Tower_Mumbai_Central
99,6543210987,6234567890,2024-01-01T23:16:00,440,Mobile-Mobile,Tower_Delhi_Central
100,6543210987,6234567890,2024-01-01T03:55:00,270,Mobile-Mobile,Tower_Delhi_Central
101,6543210987,6234567890,2024-01-01T17:34:00,502,Mobile-Mobile,Tower_Delhi_Central
102,6543210987,6234567890,2024-01-01T03:15:00,204,Mobile-Mobile,Tower_Bangalore
103,9876543210,9123456789,2024-01-02T10:12:00,38,Mobile-Mobile,Tower_Bangalore
104,9876543210,9123456789,2024-01-02T14:25:00,868,Mobile-Mobile,Tower_Mumbai_Central
105,9876543210,9123456789,2024-01-02T17:22:00,394,Mobile-Mobile,Tower_UP_Kanpur
106,9876543210,9123456789,2024-01-02T15:17:00,242,Mobile-Mobile,Tower_Mumbai_Central
107,9876543210,9123456789,2024-01-02T03:36:00,434,Mobile-Mobile,Tower_Bangalore
108,9876543210,9123456789,2024-01-02T10:50:00,953,Mobile-Mobile,Tower_Delhi_Central
109,9876543210,9123456789,2024-01-02T03:13:00,138,Mobile-Mobile,Tower_UP_Kanpur
110,9876543210,9123456789,2024-01-02T03:46:00,739,Mobile-Mobile,Tower_Mumbai_Central
111,9876543210,8765432109,2024-01-02T10:49:00,310,Mobile-Mobile,Tower_UP_Kanpur
112,9876543210,8765432109,2024-01-02T15:07:00,414,Mobile-Mobile,Tower_Bangalore
113,9876543210,8765432109,2024-01-02T01:43:00,92,Mobile-Mobile,Tower_Delhi_Central
114,9876543210,8765432109,2024-01-02T01:50:00,546,Mobile-Mobile,Tower_Bangalore
115,9876543210,8765432109,2024-01-02T18:30:00,989,Mobile-Mobile,Tower_Delhi_Central
116,9876543210,8765432109,2024-01-02T23:30:00,356,Mobile-Mobile,Tower_Mumbai_Central
117,9876543210,8765432109,2024-01-02T17:15:00,485,Mobile-Mobile,Tower_Mumbai_Central
118,9876543210,8765432109,2024-01-02T18:30:00,290,Mobile-Mobile,Tower_Mumbai_Central
119,9876543210,7654321098,2024-01-02T09:09:00,1024,Mobile-Mobile,Tower_UP_Kanpur
120,9876543210,7654321098,2024-01-02T02:21:00,853,Mobile-Mobile,Tower_UP_Kanpur
121,9876543210,7654321098,2024-01-02T23:14:00,862,Mobile-Mobile,Tower_UP_Kanpur
122,9876543210,7654321098,2024-01-02T17:45:00,1095,Mobile-Mobile,Tower_UP_Kanpur
123,9876543210,7654321098,2024-01-02T20:53:00,344,Mobile-Mobile,Tower_Delhi_Central
124,9876543210,7654321098,2024-01-02T15:18:00,648,Mobile-Mobile,Tower_Delhi_Central
125,9876543210,7654321098,2024-01-02T14:43:00,221,Mobile-Mobile,Tower_Mumbai_Central
126,9876543210,7654321098,2024-01-02T15:56:00,296,Mobile-Mobile,Tower_UP_Kanpur
127,9123456789,9876543210,2024-01-02T23:29:00,300,Mobile-Mobile,Tower_UP_Kanpur
128,9123456789,9876543210,2024-01-02T02:52:00,1002,Mobile-Mobile,Tower_UP_Kanpur
129,9123456789,9876543210,2024-01-02T13:09:00,596,Mobile-Mobile,Tower_UP_Kanpur
130,9123456789,9876543210,2024-01-02T01:17:00,280,Mobile-Mobile,Tower_UP_Kanpur
131,9123456789,9876543210,2024-01-02T12:37:00,488,Mobile-Mobile,Tower_UP_Kanpur
132,9123456789,9876543210,2024-01-02T23:31:00,109,Mobile-Mobile,Tower_Delhi_Central
133,9012345678,9876543210,2024-01-02T23:25:00,41,Mobile-Mobile,Tower_UP_Kanpur
134,9012345678,9876543210,2024-01-02T23:29:00,321,Mobile-Mobile,Tower_Mumbai_Central
135,9012345678,9876543210,2024-01-02T02:33:00,989,Mobile-Mobile,Tower_Delhi_Central
136,9012345678,9876543210,2024-01-02T15:56:00,325,Mobile-Mobile,Tower_UP_Kanpur
137,9012345678,9876543210,2024-01-02T23:49:00,819,Mobile-Mobile,Tower_Mumbai_Central
138,9012345678,9876543210,2024-01-02T13:30:00,246,Mobile-Mobile,Tower_Mumbai_Central
139,9012345678,9876543210,2024-01-02T01:49:00,183,Mobile-Mobile,Tower_Bangalore
140,8765432109,8912345678,2024-01-02T02:27:00,693,Mobile-Mobile,Tower_UP_Kanpur
141,8765432109,8912345678,2024-01-02T21:11:00,786,Mobile-Mobile,Tower_Mumbai_Central
142,8765432109,8912345678,2024-01-02T14:40:00,822,Mobile-Mobile,Tower_Bangalore
143,8765432109,8912345678,2024-01-02T02:37:00,485,Mobile-Mobile,Tower_Mumbai_Central
144,8765432109,8912345678,2024-01-02T02:48:00,221,Mobile-Mobile,Tower_Delhi_Central
145,8765432109,8912345678,2024-01-02T11:25:00,805,Mobile-Mobile,Tower_Mumbai_Central
146,8765432109,8912345678,2024-01-02T13:45:00,81,Mobile-Mobile,Tower_Mumbai_Central
147,8765432109,8912345678,2024-01-02T10:54:00,449,Mobile-Mobile,Tower_UP_Kanpur
148,8765432109,6543210987,2024-01-02T02:08:00,1069,Mobile-Mobile,Tower_Bangalore
149,8765432109,6543210987,2024-01-02T01:10:00,662,Mobile-Mobile,Tower_Delhi_Central
150,8765432109,6543210987,2024-01-02T11:08:00,699,Mobile-Mobile,Tower_UP_Kanpur
151,8765432109,6543210987,2024-01-02T19:02:00,1076,Mobile-Mobile,Tower_UP_Kanpur
152,8765432109,6543210987,2024-01-02T03:39:00,766,Mobile-Mobile,Tower_Mumbai_Central
153,8765432109,6543210987,2024-01-02T03:31:00,1003,Mobile-Mobile,Tower_UP_Kanpur
154,7654321098,7123456789,2024-01-02T10:27:00,450,Mobile-Mobile,Tower_Bangalore
155,7654321098,7123456789,2024-01-02T01:34:00,1169,Mobile-Mobile,Tower_Mumbai_Central
156,7654321098,7123456789,2024-01-02T15:41:00,382,Mobile-Mobile,Tower_Delhi_Central
157,7654321098,7123456789,2024-01-02T09:25:00,685,Mobile-Mobile,Tower_Bangalore
158,7654321098,7123456789,2024-01-02T17:27:00,751,Mobile-Mobile,Tower_Delhi_Central
159,7654321098,7123456789,2024-01-02T19:50:00,263,Mobile-Mobile,Tower_UP_Kanpur
160,7654321098,7123456789,2024-01-02T16:49:00,698,Mobile-Mobile,Tower_Mumbai_Central
161,7654321098,7123456789,2024-01-02T03:23:00,1083,Mobile-Mobile,Tower_Delhi_Central
162,7654321098,7123456789,2024-01-02T03:01:00,1080,Mobile-Mobile,Tower_UP_Kanpur
163,7654321098,7123456789,2024-01-02T15:55:00,807,Mobile-Mobile,Tower_Bangalore
164,7654321098,7123456789,2024-01-02T13:20:00,394,Mobile-Mobile,Tower_Mumbai_Central
165,7654321098,7123456789,2024-01-02T23:57:00,886,Mobile-Mobile,Tower_Mumbai_Central
166,7654321098,7123456789,2024-01-02T17:00:00,677,Mobile-Mobile,Tower_UP_Kanpur
167,7654321098,7123456789,2024-01-02T19:38:00,442,Mobile-Mobile,Tower_Bangalore
168,7123456789,7654321098,2024-01-02T21:07:00,80,Mobile-Mobile,Tower_Mumbai_Central
169,7123456789,7654321098,2024-01-02T21:02:00,1092,Mobile-Mobile,Tower_UP_Kanpur
170,7123456789,7654321098,2024-01-02T09:10:00,229,Mobile-Mobile,Tower_UP_Kanpur
171,7123456789,7654321098,2024-01-02T13:11:00,884,Mobile-Mobile,Tower_Bangalore
172,7123456789,7654321098,2024-01-02T01:02:00,1165,Mobile-Mobile,Tower_UP_Kanpur
173,7123456789,7654321098,2024-01-02T20:17:00,1040,Mobile-Mobile,Tower_Mumbai_Central
174,7123456789,7654321098,2024-01-02T23:01:00,52,Mobile-Mobile,Tower_Bangalore
175,7123456789,7654321098,2024-01-02T23:22:00,359,Mobile-Mobile,Tower_Bangalore
176,7123456789,7654321098,2024-01-02T20:36:00,710,Mobile-Mobile,Tower_Bangalore
177,7123456789,7654321098,2024-01-02T23:33:00,809,Mobile-Mobile,Tower_Delhi_Central
178,7123456789,7654321098,2024-01-02T20:25:00,695,Mobile-Mobile,Tower_UP_Kanpur
179,7123456789,7654321098,2024-01-02T23:10:00,148,Mobile-Mobile,Tower_UP_Kanpur
180,7123456789,7654321098,2024-01-02T11:32:00,561,Mobile-Mobile,Tower_Delhi_Central
181,7123456789,7654321098,2024-01-02T01:59:00,474,Mobile-Mobile,Tower_Mumbai_Central
182,7123456789,7654321098,2024-01-02T09:00:00,753,Mobile-Mobile,Tower_UP_Kanpur
183,7123456789,7654321098,2024-01-02T02:21:00,467,Mobile-Mobile,Tower_Bangalore
184,7123456789,7654321098,2024-01-02T12:18:00,401,Mobile-Mobile,Tower_UP_Kanpur
185,7123456789,7654321098,2024-01-02T01:56:00,318,Mobile-Mobile,Tower_Bangalore
186,6543210987,6234567890,2024-01-02T23:44:00,936,Mobile-Mobile,Tower_Delhi_Central
187,6543210987,6234567890,2024-01-02T17:31:00,686,Mobile-Mobile,Tower_Delhi_Central
188,6543210987,6234567890,2024-01-02T16:56:00,826,Mobile-Mobile,Tower_Bangalore
189,6543210987,6234567890,2024-01-02T03:57:00,257,Mobile-Mobile,Tower_Delhi_Central
190,6543210987,6234567890,2024-01-02T18:49:00,500,Mobile-Mobile,Tower_UP_Kanpur
191,6543210987,6234567890,2024-01-02T11:40:00,1184,Mobile-Mobile,Tower_Delhi_Central
192,6543210987,6234567890,2024-01-02T23:56:00,719,Mobile-Mobile,Tower_Mumbai_Central
193,6543210987,6234567890,2024-01-02T02:24:00,1173,Mobile-Mobile,Tower_Bangalore
194,6543210987,6234567890,2024-01-02T09:58:00,829,Mobile-Mobile,Tower_Mumbai_Central
195,6543210987,6234567890,2024-01-02T13:15:00,325,Mobile-Mobile,Tower_Delhi_Central
196,9876543210,9123456789,2024-01-03T23:25:00,637,Mobile-Mobile,Tower_UP_Kanpur
197,9876543210,9123456789,2024-01-03T02:19:00,1047,Mobile-Mobile,Tower_Mumbai_Central
198,9876543210,9123456789,2024-01-03T03:45:00,230,Mobile-Mobile,Tower_Mumbai_Central
199,9876543210,9123456789,2024-01-03T03:06:00,998,Mobile-Mobile,Tower_Delhi_Central
200,9876543210,9123456789,2024-01-03T17:38:00,93,Mobile-Mobile,Tower_UP_Kanpur
201,9876543210,9123456789,2024-01-03T19:45:00,336,Mobile-Mobile,Tower_UP_Kanpur
202,9876543210,9123456789,2024-01-03T03:59:00,944,Mobile-Mobile,Tower_Delhi_Central
203,9876543210,8765432109,2024-01-03T02:18:00,667,Mobile-Mobile,Tower_Mumbai_Central
204,9876543210,8765432109,2024-01-03T13:03:00,658,Mobile-Mobile,Tower_Bangalore
205,9876543210,8765432109,2024-01-03T21:03:00,751,Mobile-Mobile,Tower_UP_Kanpur
206,9876543210,8765432109,2024-01-03T15:57:00,962,Mobile-Mobile,Tower_Mumbai_Central
207,9876543210,8765432109,2024-01-03T01:27:00,778,Mobile-Mobile,Tower_UP_Kanpur
208,9876543210,8765432109,2024-01-03T18:06:00,213,Mobile-Mobile,Tower_Bangalore
209,9876543210,8765432109,2024-01-03T11:24:00,415,Mobile-Mobile,Tower_Mumbai_Central
210,9876543210,7654321098,2024-01-03T02:50:00,106,Mobile-Mobile,Tower_Mumbai_Central
211,9876543210,7654321098,2024-01-03T03:37:00,548,Mobile-Mobile,Tower_Delhi_Central
212,9876543210,7654321098,2024-01-03T10:00:00,514,Mobile-Mobile,Tower_Bangalore
213,9876543210,7654321098,2024-01-03T17:04:00,858,Mobile-Mobile,Tower_Mumbai_Central
214,9876543210,7654321098,2024-01-03T20:37:00,1010,Mobile-Mobile,Tower_Bangalore
215,9876543210,7654321098,2024-01-03T01:36:00,481,Mobile-Mobile,Tower_Mumbai_Central
216,9123456789,9876543210,2024-01-03T16:51:00,309,Mobile-Mobile,Tower_Bangalore
217,9123456789,9876543210,2024-01-03T11:19:00,158,Mobile-Mobile,Tower_Mumbai_Central
218,9123456789,9876543210,2024-01-03T12:56:00,119,Mobile-Mobile,Tower_Delhi_Central
219,9123456789,9876543210,2024-01-03T01:02:00,536,Mobile-Mobile,Tower_UP_Kanpur
220,9123456789,9876543210,2024-01-03T03:44:00,348,Mobile-Mobile,Tower_Mumbai_Central
221,9123456789,9876543210,2024-01-03T21:19:00,1108,Mobile-Mobile,Tower_Bangalore
222,9123456789,9876543210,2024-01-03T02:09:00,824,Mobile-Mobile,Tower_UP_Kanpur
223,9123456789,9876543210,2024-01-03T20:32:00,523,Mobile-Mobile,Tower_Mumbai_Central
224,9123456789,9876543210,2024-01-03T02:03:00,605,Mobile-Mobile,Tower_UP_Kanpur
225,9123456789,9876543210,2024-01-03T17:40:00,1037,Mobile-Mobile,Tower_Delhi_Central
226,9012345678,9876543210,2024-01-03T11:26:00,884,Mobile-Mobile,Tower_Bangalore
227,9012345678,9876543210,2024-01-03T09:47:00,250,Mobile-Mobile,Tower_Bangalore
228,9012345678,9876543210,2024-01-03T17:01:00,1084,Mobile-Mobile,Tower_Delhi_Central
229,9012345678,9876543210,2024-01-03T10:52:00,1001,Mobile-Mobile,Tower_Delhi_Central
230,9012345678,9876543210,2024-01-03T01:54:00,959,Mobile-Mobile,Tower_Delhi_Central
231,9012345678,9876543210,2024-01-03T17:01:00,91,Mobile-Mobile,Tower_UP_Kanpur
232,9012345678,9876543210,2024-01-03T01:47:00,503,Mobile-Mobile,Tower_UP_Kanpur
233,9012345678,9876543210,2024-01-03T12:38:00,35,Mobile-Mobile,Tower_Delhi_Central
234,8765432109,8912345678,2024-01-03T23:55:00,457,Mobile-Mobile,Tower_UP_Kanpur
235,8765432109,8912345678,2024-01-03T02:56:00,770,Mobile-Mobile,Tower_Mumbai_Central
236,8765432109,8912345678,2024-01-03T03:09:00,1150,Mobile-Mobile,Tower_UP_Kanpur
237,8765432109,8912345678,2024-01-03T18:53:00,566,Mobile-Mobile,Tower_Mumbai_Central
238,8765432109,8912345678,2024-01-03T15:39:00,181,Mobile-Mobile,Tower_Bangalore
239,8765432109,8912345678,2024-01-03T01:10:00,926,Mobile-Mobile,Tower_UP_Kanpur
240,8765432109,8912345678,2024-01-03T03:08:00,216,Mobile-Mobile,Tower_Mumbai_Central
241,8765432109,8912345678,2024-01-03T10:47:00,855,Mobile-Mobile,Tower_Mumbai_Central
242,8765432109,8912345678,2024-01-03T03:08:00,623,Mobile-Mobile,Tower_Mumbai_Central
243,8765432109,8912345678,2024-01-03T17:07:00,1068,Mobile-Mobile,Tower_Mumbai_Central
244,8765432109,8912345678,2024-01-03T20:25:00,595,Mobile-Mobile,Tower_Mumbai_Central
245,8765432109,8912345678,2024-01-03T17:31:00,76,Mobile-Mobile,Tower_Bangalore
246,8765432109,6543210987,2024-01-03T23:10:00,1161,Mobile-Mobile,Tower_Delhi_Central
247,8765432109,6543210987,2024-01-03T20:03:00,499,Mobile-Mobile,Tower_UP_Kanpur
248,8765432109,6543210987,2024-01-03T20:40:00,81,Mobile-Mobile,Tower_Mumbai_Central
249,8765432109,6543210987,2024-01-03T01:41:00,522,Mobile-Mobile,Tower_Delhi_Central
250,8765432109,6543210987,2024-01-03T09:00:00,905,Mobile-Mobile,Tower_Delhi_Central
251,8765432109,6543210987,2024-01-03T23:59:00,716,Mobile-Mobile,Tower_UP_Kanpur
252,8765432109,6543210987,2024-01-03T21:27:00,603,Mobile-Mobile,Tower_Mumbai_Central
253,8765432109,6543210987,2024-01-03T02:10:00,843,Mobile-Mobile,Tower_Bangalore
254,8765432109,6543210987,2024-01-03T14:22:00,680,Mobile-Mobile,Tower_Mumbai_Central
255,8765432109,6543210987,2024-01-03T19:30:00,660,Mobile-Mobile,Tower_Bangalore
256,7654321098,7123456789,2024-01-03T23:59:00,627,Mobile-Mobile,Tower_Mumbai_Central
257,7654321098,7123456789,2024-01-03T02:13:00,878,Mobile-Mobile,Tower_Mumbai_Central
258,7654321098,7123456789,2024-01-03T18:47:00,1093,Mobile-Mobile,Tower_Mumbai_Central
259,7654321098,7123456789,2024-01-03T17:59:00,245,Mobile-Mobile,Tower_Bangalore
260,7654321098,7123456789,2024-01-03T15:54:00,891,Mobile-Mobile,Tower_UP_Kanpur
261,7654321098,7123456789,2024-01-03T03:08:00,774,Mobile-Mobile,Tower_Mumbai_Central
262,7654321098,7123456789,2024-01-03T01:22:00,826,Mobile-Mobile,Tower_UP_Kanpur
263,7654321098,7123456789,2024-01-03T09:15:00,237,Mobile-Mobile,Tower_Mumbai_Central
264,7654321098,7123456789,2024-01-03T16:12:00,732,Mobile-Mobile,Tower_Bangalore
265,7654321098,7123456789,2024-01-03T17:12:00,828,Mobile-Mobile,Tower_Bangalore
266,7654321098,7123456789,2024-01-03T20:38:00,659,Mobile-Mobile,Tower_UP_Kanpur
267,7654321098,7123456789,2024-01-03T09:05:00,726,Mobile-Mobile,Tower_Delhi_Central
268,7654321098,7123456789,2024-01-03T19:31:00,425,Mobile-Mobile,Tower_Mumbai_Central
269,7123456789,7654321098,2024-01-03T01:42:00,629,Mobile-Mobile,Tower_Delhi_Central
270,7123456789,7654321098,2024-01-03T02:32:00,1165,Mobile-Mobile,Tower_Bangalore
271,7123456789,7654321098,2024-01-03T20:37:00,1126,Mobile-Mobile,Tower_Mumbai_Central
272,7123456789,7654321098,2024-01-03T23:03:00,885,Mobile-Mobile,Tower_Bangalore
273,7123456789,7654321098,2024-01-03T12:01:00,475,Mobile-Mobile,Tower_Delhi_Central
274,7123456789,7654321098,2024-01-03T18:28:00,545,Mobile-Mobile,Tower_UP_Kanpur
275,7123456789,7654321098,2024-01-03T03:07:00,997,Mobile-Mobile,Tower_Delhi_Central
276,7123456789,7654321098,2024-01-03T03:18:00,500,Mobile-Mobile,Tower_UP_Kanpur
277,7123456789,7654321098,2024-01-03T14:57:00,798,Mobile-Mobile,Tower_Delhi_Central
278,7123456789,7654321098,2024-01-03T03:18:00,740,Mobile-Mobile,Tower_Mumbai_Central
279,7123456789,7654321098,2024-01-03T13:50:00,425,Mobile-Mobile,Tower_Delhi_Central
280,7123456789,7654321098,2024-01-03T01:22:00,595,Mobile-Mobile,Tower_UP_Kanpur
281,7123456789,7654321098,2024-01-03T13:36:00,883,Mobile-Mobile,Tower_Bangalore
282,6543210987,6234567890,2024-01-03T18:41:00,1129,Mobile-Mobile,Tower_Bangalore
283,6543210987,6234567890,2024-01-03T02:13:00,660,Mobile-Mobile,Tower_Mumbai_Central
284,6543210987,6234567890,2024-01-03T14:24:00,457,Mobile-Mobile,Tower_Bangalore
285,6543210987,6234567890,2024-01-03T02:28:00,183,Mobile-Mobile,Tower_Mumbai_Central
286,6543210987,6234567890,2024-01-03T09:32:00,727,Mobile-Mobile,Tower_Bangalore
287,6543210987,6234567890,2024-01-03T02:30:00,763,Mobile-Mobile,Tower_Mumbai_Central
288,6543210987,6234567890,2024-01-03T23:12:00,635,Mobile-Mobile,Tower_UP_Kanpur
289,6543210987,6234567890,2024-01-03T01:46:00,496,Mobile-Mobile,Tower_Mumbai_Central
290,6543210987,6234567890,2024-01-03T02:56:00,640,Mobile-Mobile,Tower_Delhi_Central
291,6543210987,6234567890,2024-01-03T14:50:00,1040,Mobile-Mobile,Tower_Delhi_Central
292,6543210987,6234567890,2024-01-03T13:31:00,842,Mobile-Mobile,Tower_Mumbai_Central
293,9876543210,9123456789,2024-01-04T23:17:00,1115,Mobile-Mobile,Tower_Bangalore
294,9876543210,9123456789,2024-01-04T12:42:00,1159,Mobile-Mobile,Tower_UP_Kanpur
295,9876543210,9123456789,2024-01-04T11:09:00,1050,Mobile-Mobile,Tower_Mumbai_Central
296,9876543210,9123456789,2024-01-04T10:43:00,834,Mobile-Mobile,Tower_Mumbai_Central
297,9876543210,9123456789,2024-01-04T02:24:00,152,Mobile-Mobile,Tower_Mumbai_Central
298,9876543210,9123456789,2024-01-04T03:35:00,973,Mobile-Mobile,Tower_UP_Kanpur
299,9876543210,9123456789,2024-01-04T12:52:00,922,Mobile-Mobile,Tower_Mumbai_Central
300,9876543210,9123456789,2024-01-04T23:51:00,794,Mobile-Mobile,Tower_UP_Kanpur
301,9876543210,8765432109,2024-01-04T13:52:00,551,Mobile-Mobile,Tower_Bangalore
302,9876543210,8765432109,2024-01-04T13:04:00,1070,Mobile-Mobile,Tower_Mumbai_Central
303,9876543210,8765432109,2024-01-04T03:09:00,795,Mobile-Mobile,Tower_Delhi_Central
304,9876543210,8765432109,2024-01-04T02:36:00,278,Mobile-Mobile,Tower_Mumbai_Central
305,9876543210,7654321098,2024-01-04T03:11:00,1065,Mobile-Mobile,Tower_UP_Kanpur
306,9876543210,7654321098,2024-01-04T12:11:00,895,Mobile-Mobile,Tower_Delhi_Central
307,9876543210,7654321098,2024-01-04T02:54:00,1095,Mobile-Mobile,Tower_Bangalore
308,9123456789,9876543210,2024-01-04T14:13:00,93,Mobile-Mobile,Tower_Mumbai_Central
309,9123456789,9876543210,2024-01-04T10:01:00,694,Mobile-Mobile,Tower_Mumbai_Central
310,9123456789,9876543210,2024-01-04T18:39:00,652,Mobile-Mobile,Tower_UP_Kanpur
311,9123456789,9876543210,2024-01-04T01:11:00,759,Mobile-Mobile,Tower_Bangalore
312,9123456789,9876543210,2024-01-04T23:40:00,899,Mobile-Mobile,Tower_Bangalore
313,9123456789,9876543210,2024-01-04T19:39:00,521,Mobile-Mobile,Tower_Bangalore
314,9123456789,9876543210,2024-01-04T02:19:00,823,Mobile-Mobile,Tower_Delhi_Central
315,9123456789,9876543210,2024-01-04T01:25:00,676,Mobile-Mobile,Tower_Bangalore
316,9123456789,9876543210,2024-01-04T20:49:00,367,Mobile-Mobile,Tower_Delhi_Central
317,9123456789,9876543210,2024-01-04T01:35:00,373,Mobile-Mobile,Tower_Delhi_Central
318,9012345678,9876543210,2024-01-04T09:17:00,142,Mobile-Mobile,Tower_Mumbai_Central
319,9012345678,9876543210,2024-01-04T14:43:00,276,Mobile-Mobile,Tower_Mumbai_Central
320,9012345678,9876543210,2024-01-04T20:00:00,554,Mobile-Mobile,Tower_Mumbai_Central
321,9012345678,9876543210,2024-01-04T12:28:00,117,Mobile-Mobile,Tower_Mumbai_Central
322,9012345678,9876543210,2024-01-04T23:28:00,1066,Mobile-Mobile,Tower_Delhi_Central
323,9012345678,9876543210,2024-01-04T18:13:00,543,Mobile-Mobile,Tower_Delhi_Central
324,8765432109,8912345678,2024-01-04T21:21:00,159,Mobile-Mobile,Tower_UP_Kanpur
325,8765432109,8912345678,2024-01-04T17:15:00,1019,Mobile-Mobile,Tower_UP_Kanpur
326,8765432109,8912345678,2024-01-04T02:18:00,633,Mobile-Mobile,Tower_Delhi_Central
327,8765432109,8912345678,2024-01-04T09:26:00,410,Mobile-Mobile,Tower_UP_Kanpur
328,8765432109,8912345678,2024-01-04T09:59:00,744,Mobile-Mobile,Tower_Mumbai_Central
329,8765432109,8912345678,2024-01-04T10:23:00,144,Mobile-Mobile,Tower_Mumbai_Central
330,8765432109,8912345678,2024-01-04T03:12:00,557,Mobile-Mobile,Tower_UP_Kanpur
331,8765432109,8912345678,2024-01-04T02:26:00,968,Mobile-Mobile,Tower_Delhi_Central
332,8765432109,8912345678,2024-01-04T23:35:00,51,Mobile-Mobile,Tower_UP_Kanpur
333,8765432109,8912345678,2024-01-04T13:15:00,1031,Mobile-Mobile,Tower_Mumbai_Central
334,8765432109,6543210987,2024-01-04T02:36:00,269,Mobile-Mobile,Tower_Bangalore
335,8765432109,6543210987,2024-01-04T23:52:00,1100,Mobile-Mobile,Tower_Bangalore
336,8765432109,6543210987,2024-01-04T18:50:00,880,Mobile-Mobile,Tower_Mumbai_Central
337,8765432109,6543210987,2024-01-04T21:56:00,242,Mobile-Mobile,Tower_Mumbai_Central
338,8765432109,6543210987,2024-01-04T02:22:00,233,Mobile-Mobile,Tower_Delhi_Central
339,8765432109,6543210987,2024-01-04T23:01:00,466,Mobile-Mobile,Tower_UP_Kanpur
340,8765432109,6543210987,2024-01-04T01:11:00,671,Mobile-Mobile,Tower_Bangalore
341,8765432109,6543210987,2024-01-04T01:06:00,455,Mobile-Mobile,Tower_Mumbai_Central
342,8765432109,6543210987,2024-01-04T09:39:00,425,Mobile-Mobile,Tower_Bangalore
343,8765432109,6543210987,2024-01-04T11:37:00,698,Mobile-Mobile,Tower_UP_Kanpur
344,7654321098,7123456789,2024-01-04T01:12:00,614,Mobile-Mobile,Tower_Mumbai_Central
345,7654321098,7123456789,2024-01-04T19:54:00,275,Mobile-Mobile,Tower_Bangalore
346,7654321098,7123456789,2024-01-04T16:58:00,1120,Mobile-Mobile,Tower_Mumbai_Central
347,7654321098,7123456789,2024-01-04T03:07:00,734,Mobile-Mobile,Tower_Delhi_Central
348,7654321098,7123456789,2024-01-04T23:22:00,712,Mobile-Mobile,Tower_Mumbai_Central
349,7654321098,7123456789,2024-01-04T23:15:00,490,Mobile-Mobile,Tower_Mumbai_Central
350,7654321098,7123456789,2024-01-04T18:46:00,1075,Mobile-Mobile,Tower_Bangalore
351,7654321098,7123456789,2024-01-04T23:04:00,266,Mobile-Mobile,Tower_UP_Kanpur
352,7654321098,7123456789,2024-01-04T01:03:00,79,Mobile-Mobile,Tower_Delhi_Central
353,7654321098,7123456789,2024-01-04T23:29:00,206,Mobile-Mobile,Tower_Bangalore
354,7654321098,7123456789,2024-01-04T16:28:00,744,Mobile-Mobile,Tower_UP_Kanpur
355,7654321098,7123456789,2024-01-04T16:27:00,579,Mobile-Mobile,Tower_UP_Kanpur
356,7654321098,7123456789,2024-01-04T03:30:00,229,Mobile-Mobile,Tower_UP_Kanpur
357,7654321098,7123456789,2024-01-04T19:29:00,1188,Mobile-Mobile,Tower_UP_Kanpur
358,7123456789,7654321098,2024-01-04T16:13:00,973,Mobile-Mobile,Tower_UP_Kanpur
359,7123456789,7654321098,2024-01-04T20:49:00,440,Mobile-Mobile,Tower_UP_Kanpur
360,7123456789,7654321098,2024-01-04T16:04:00,945,Mobile-Mobile,Tower_Mumbai_Central
361,7123456789,7654321098,2024-01-04T10:46:00,365,Mobile-Mobile,Tower_Delhi_Central
362,7123456789,7654321098,2024-01-04T01:14:00,441,Mobile-Mobile,Tower_Bangalore
363,7123456789,7654321098,2024-01-04T02:58:00,446,Mobile-Mobile,Tower_Delhi_Central
364,7123456789,7654321098,2024-01-04T03:04:00,697,Mobile-Mobile,Tower_Bangalore
365,7123456789,7654321098,2024-01-04T12:35:00,60,Mobile-Mobile,Tower_UP_Kanpur
366,7123456789,7654321098,2024-01-04T02:41:00,584,Mobile-Mobile,Tower_Bangalore
367,7123456789,7654321098,2024-01-04T17:45:00,649,Mobile-Mobile,Tower_Bangalore
368,7123456789,7654321098,2024-01-04T01:29:00,1054,Mobile-Mobile,Tower_Mumbai_Central
369,7123456789,7654321098,2024-01-04T03:28:00,246,Mobile-Mobile,Tower_Mumbai_Central
370,7123456789,7654321098,2024-01-04T01:37:00,1081,Mobile-Mobile,Tower_Delhi_Central
371,7123456789,7654321098,2024-01-04T18:48:00,60,Mobile-Mobile,Tower_Bangalore
372,6543210987,6234567890,2024-01-04T20:16:00,600,Mobile-Mobile,Tower_UP_Kanpur
373,6543210987,6234567890,2024-01-04T15:38:00,1089,Mobile-Mobile,Tower_Mumbai_Central
374,6543210987,6234567890,2024-01-04T17:01:00,450,Mobile-Mobile,Tower_Mumbai_Central
375,6543210987,6234567890,2024-01-04T03:33:00,958,Mobile-Mobile,Tower_Mumbai_Central
376,6543210987,6234567890,2024-01-04T19:29:00,1084,Mobile-Mobile,Tower_Delhi_Central
377,6543210987,6234567890,2024-01-04T19:47:00,679,Mobile-Mobile,Tower_UP_Kanpur
378,6543210987,6234567890,2024-01-04T20:07:00,1112,Mobile-Mobile,Tower_Mumbai_Central
379,6543210987,6234567890,2024-01-04T10:17:00,390,Mobile-Mobile,Tower_Mumbai_Central
380,6543210987,6234567890,2024-01-04T02:43:00,955,Mobile-Mobile,Tower_Bangalore
381,6543210987,6234567890,2024-01-04T13:05:00,1040,Mobile-Mobile,Tower_UP_Kanpur
382,6543210987,6234567890,2024-01-04T14:04:00,854,Mobile-Mobile,Tower_Bangalore
383,6543210987,6234567890,2024-01-04T01:46:00,1186,Mobile-Mobile,Tower_Mumbai_Central
384,9876543210,9123456789,2024-01-05T18:43:00,390,Mobile-Mobile,Tower_Mumbai_Central
385,9876543210,9123456789,2024-01-05T10:07:00,90,Mobile-Mobile,Tower_Bangalore
386,9876543210,9123456789,2024-01-05T03:20:00,862,Mobile-Mobile,Tower_Mumbai_Central
387,9876543210,9123456789,2024-01-05T10:27:00,451,Mobile-Mobile,Tower_Bangalore
388,9876543210,9123456789,2024-01-05T21:53:00,497,Mobile-Mobile,Tower_Mumbai_Central
389,9876543210,9123456789,2024-01-05T01:50:00,218,Mobile-Mobile,Tower_Delhi_Central
390,9876543210,9123456789,2024-01-05T21:20:00,293,Mobile-Mobile,Tower_Bangalore
391,9876543210,9123456789,2024-01-05T03:49:00,211,Mobile-Mobile,Tower_Bangalore
392,9876543210,9123456789,2024-01-05T01:00:00,849,Mobile-Mobile,Tower_Mumbai_Central
393,9876543210,9123456789,2024-01-05T19:17:00,104,Mobile-Mobile,Tower_UP_Kanpur
394,9876543210,9123456789,2024-01-05T01:32:00,194,Mobile-Mobile,Tower_Delhi_Central
395,9876543210,8765432109,2024-01-05T03:05:00,681,Mobile-Mobile,Tower_Mumbai_Central
396,9876543210,8765432109,2024-01-05T18:40:00,130,Mobile-Mobile,Tower_UP_Kanpur
397,9876543210,8765432109,2024-01-05T02:13:00,212,Mobile-Mobile,Tower_UP_Kanpur
398,9876543210,8765432109,2024-01-05T15:26:00,558,Mobile-Mobile,Tower_UP_Kanpur
399,9876543210,8765432109,2024-01-05T20:14:00,924,Mobile-Mobile,Tower_Mumbai_Central
400,9876543210,8765432109,2024-01-05T19:11:00,868,Mobile-Mobile,Tower_Mumbai_Central
401,9876543210,8765432109,2024-01-05T02:51:00,660,Mobile-Mobile,Tower_Mumbai_Central
402,9876543210,7654321098,2024-01-05T21:54:00,1194,Mobile-Mobile,Tower_Bangalore
403,9876543210,7654321098,2024-01-05T02:31:00,832,Mobile-Mobile,Tower_Delhi_Central
404,9876543210,7654321098,2024-01-05T03:47:00,786,Mobile-Mobile,Tower_Bangalore
405,9876543210,7654321098,2024-01-05T03:19:00,1122,Mobile-Mobile,Tower_Delhi_Central
406,9876543210,7654321098,2024-01-05T16:02:00,882,Mobile-Mobile,Tower_UP_Kanpur
407,9876543210,7654321098,2024-01-05T03:15:00,1131,Mobile-Mobile,Tower_UP_Kanpur
408,9123456789,9876543210,2024-01-05T20:50:00,1174,Mobile-Mobile,Tower_Delhi_Central
409,9123456789,9876543210,2024-01-05T01:09:00,604,Mobile-Mobile,Tower_Delhi_Central
410,9123456789,9876543210,2024-01-05T01:13:00,182,Mobile-Mobile,Tower_Delhi_Central
411,9123456789,9876543210,2024-01-05T21:19:00,419,Mobile-Mobile,Tower_UP_Kanpur
412,9123456789,9876543210,2024-01-05T03:35:00,535,Mobile-Mobile,Tower_Delhi_Central
413,9123456789,9876543210,2024-01-05T10:08:00,1080,Mobile-Mobile,Tower_Delhi_Central
414,9012345678,9876543210,2024-01-05T09:14:00,338,Mobile-Mobile,Tower_Mumbai_Central
415,9012345678,9876543210,2024-01-05T17:24:00,454,Mobile-Mobile,Tower_Bangalore
416,9012345678,9876543210,2024-01-05T23:57:00,1069,Mobile-Mobile,Tower_Mumbai_Central
417,9012345678,9876543210,2024-01-05T14:58:00,81,Mobile-Mobile,Tower_UP_Kanpur
418,9012345678,9876543210,2024-01-05T21:43:00,1106,Mobile-Mobile,Tower_Delhi_Central
419,9012345678,9876543210,2024-01-05T23:51:00,749,Mobile-Mobile,Tower_Mumbai_Central
420,9012345678,9876543210,2024-01-05T15:24:00,325,Mobile-Mobile,Tower_Mumbai_Central
421,9012345678,9876543210,2024-01-05T09:03:00,722,Mobile-Mobile,Tower_Delhi_Central
422,9012345678,9876543210,2024-01-05T23:54:00,194,Mobile-Mobile,Tower_Mumbai_Central
423,8765432109,8912345678,2024-01-05T21:21:00,918,Mobile-Mobile,Tower_UP_Kanpur
424,8765432109,8912345678,2024-01-05T21:59:00,444,Mobile-Mobile,Tower_Mumbai_Central
425,8765432109,8912345678,2024-01-05T12:35:00,880,Mobile-Mobile,Tower_Bangalore
426,8765432109,8912345678,2024-01-05T16:33:00,1127,Mobile-Mobile,Tower_Mumbai_Central
427,8765432109,8912345678,2024-01-05T12:40:00,134,Mobile-Mobile,Tower_Delhi_Central
428,8765432109,8912345678,2024-01-05T10:29:00,611,Mobile-Mobile,Tower_Bangalore
429,8765432109,8912345678,2024-01-05T09:44:00,653,Mobile-Mobile,Tower_Mumbai_Central
430,8765432109,8912345678,2024-01-05T03:20:00,314,Mobile-Mobile,Tower_Bangalore
431,8765432109,8912345678,2024-01-05T01:54:00,1026,Mobile-Mobile,Tower_Bangalore
432,8765432109,8912345678,2024-01-05T01:09:00,1183,Mobile-Mobile,Tower_Mumbai_Central
433,8765432109,8912345678,2024-01-05T11:15:00,828,Mobile-Mobile,Tower_Delhi_Central
434,8765432109,8912345678,2024-01-05T12:16:00,601,Mobile-Mobile,Tower_Mumbai_Central
435,8765432109,8912345678,2024-01-05T01:33:00,998,Mobile-Mobile,Tower_UP_Kanpur
436,8765432109,6543210987,2024-01-05T10:16:00,511,Mobile-Mobile,Tower_Delhi_Central
437,8765432109,6543210987,2024-01-05T12:38:00,399,Mobile-Mobile,Tower_Mumbai_Central
438,8765432109,6543210987,2024-01-05T11:26:00,978,Mobile-Mobile,Tower_UP_Kanpur
439,8765432109,6543210987,2024-01-05T23:27:00,528,Mobile-Mobile,Tower_Delhi_Central
440,8765432109,6543210987,2024-01-05T23:31:00,968,Mobile-Mobile,Tower_Mumbai_Central
441,8765432109,6543210987,2024-01-05T03:50:00,656,Mobile-Mobile,Tower_Mumbai_Central
442,7654321098,7123456789,2024-01-05T18:51:00,433,Mobile-Mobile,Tower_UP_Kanpur
443,7654321098,7123456789,2024-01-05T23:34:00,808,Mobile-Mobile,Tower_Bangalore
444,7654321098,7123456789,2024-01-05T16:52:00,283,Mobile-Mobile,Tower_Bangalore
445,7654321098,7123456789,2024-01-05T03:44:00,834,Mobile-Mobile,Tower_Bangalore
446,7654321098,7123456789,2024-01-05T21:31:00,621,Mobile-Mobile,Tower_Mumbai_Central
447,7654321098,7123456789,2024-01-05T10:00:00,641,Mobile-Mobile,Tower_Delhi_Central
448,7654321098,7123456789,2024-01-05T02:54:00,761,Mobile-Mobile,Tower_Delhi_Central
449,7654321098,7123456789,2024-01-05T13:11:00,444,Mobile-Mobile,Tower_Mumbai_Central
450,7654321098,7123456789,2024-01-05T09:57:00,710,Mobile-Mobile,Tower_Bangalore
451,7654321098,7123456789,2024-01-05T02:18:00,204,Mobile-Mobile,Tower_Mumbai_Central
452,7654321098,7123456789,2024-01-05T02:04:00,840,Mobile-Mobile,Tower_Mumbai_Central
453,7654321098,7123456789,2024-01-05T09:36:00,344,Mobile-Mobile,Tower_UP_Kanpur
454,7654321098,7123456789,2024-01-05T10:08:00,68,Mobile-Mobile,Tower_UP_Kanpur
455,7654321098,7123456789,2024-01-05T20:18:00,493,Mobile-Mobile,Tower_Delhi_Central
456,7654321098,7123456789,2024-01-05T20:23:00,573,Mobile-Mobile,Tower_Delhi_Central
457,7654321098,7123456789,2024-01-05T03:18:00,456,Mobile-Mobile,Tower_Bangalore
458,7654321098,7123456789,2024-01-05T01:08:00,38,Mobile-Mobile,Tower_Mumbai_Central
459,7654321098,7123456789,2024-01-05T12:37:00,76,Mobile-Mobile,Tower_Mumbai_Central
460,7123456789,7654321098,2024-01-05T03:49:00,943,Mobile-Mobile,Tower_Bangalore
461,7123456789,7654321098,2024-01-05T20:35:00,567,Mobile-Mobile,Tower_UP_Kanpur
462,7123456789,7654321098,2024-01-05T12:57:00,692,Mobile-Mobile,Tower_Bangalore
463,7123456789,7654321098,2024-01-05T03:35:00,365,Mobile-Mobile,Tower_UP_Kanpur
464,7123456789,7654321098,2024-01-05T15:55:00,766,Mobile-Mobile,Tower_Bangalore
465,7123456789,7654321098,2024-01-05T18:58:00,972,Mobile-Mobile,Tower_Bangalore
466,7123456789,7654321098,2024-01-05T23:25:00,536,Mobile-Mobile,Tower_Mumbai_Central
467,7123456789,7654321098,2024-01-05T19:21:00,561,Mobile-Mobile,Tower_Bangalore
468,7123456789,7654321098,2024-01-05T23:03:00,199,Mobile-Mobile,Tower_UP_Kanpur
469,7123456789,7654321098,2024-01-05T23:49:00,861,Mobile-Mobile,Tower_Delhi_Central
470,7123456789,7654321098,2024-01-05T11:41:00,391,Mobile-Mobile,Tower_Bangalore
471,7123456789,7654321098,2024-01-05T03:33:00,108,Mobile-Mobile,Tower_Delhi_Central
472,7123456789,7654321098,2024-01-05T13:02:00,95,Mobile-Mobile,Tower_Bangalore
473,7123456789,7654321098,2024-01-05T23:02:00,1020,Mobile-Mobile,Tower_Bangalore
474,7123456789,7654321098,2024-01-05T17:54:00,258,Mobile-Mobile,Tower_UP_Kanpur
475,7123456789,7654321098,2024-01-05T01:36:00,983,Mobile-Mobile,Tower_Bangalore
476,7123456789,7654321098,2024-01-05T19:57:00,881,Mobile-Mobile,Tower_Mumbai_Central
477,6543210987,6234567890,2024-01-05T11:38:00,590,Mobile-Mobile,Tower_UP_Kanpur
478,6543210987,6234567890,2024-01-05T18:25:00,1009,Mobile-Mobile,Tower_Bangalore
479,6543210987,6234567890,2024-01-05T17:35:00,1031,Mobile-Mobile,Tower_Delhi_Central
480,6543210987,6234567890,2024-01-05T23:58:00,76,Mobile-Mobile,Tower_UP_Kanpur
481,6543210987,6234567890,2024-01-05T02:15:00,222,Mobile-Mobile,Tower_Bangalore
482,6543210987,6234567890,2024-01-05T18:22:00,882,Mobile-Mobile,Tower_Bangalore
483,6543210987,6234567890,2024-01-05T15:57:00,902,Mobile-Mobile,Tower_Mumbai_Central
484,6543210987,6234567890,2024-01-05T15:17:00,212,Mobile-Mobile,Tower_UP_Kanpur
485,6543210987,6234567890,2024-01-05T16:32:00,1127,Mobile-Mobile,Tower_UP_Kanpur
486,9876543210,9123456789,2024-01-06T12:12:00,599,Mobile-Mobile,Tower_Bangalore
487,9876543210,9123456789,2024-01-06T21:22:00,506,Mobile-Mobile,Tower_Delhi_Central
488,9876543210,9123456789,2024-01-06T21:08:00,793,Mobile-Mobile,Tower_Bangalore
489,9876543210,9123456789,2024-01-06T01:26:00,1093,Mobile-Mobile,Tower_Delhi_Central
490,9876543210,9123456789,2024-01-06T12:36:00,668,Mobile-Mobile,Tower_Delhi_Central
491,9876543210,9123456789,2024-01-06T03:30:00,827,Mobile-Mobile,Tower_Bangalore
492,9876543210,8765432109,2024-01-06T14:49:00,812,Mobile-Mobile,Tower_Mumbai_Central
493,9876543210,8765432109,2024-01-06T23:35:00,773,Mobile-Mobile,Tower_Bangalore
494,9876543210,8765432109,2024-01-06T19:35:00,995,Mobile-Mobile,Tower_Delhi_Central
495,9876543210,8765432109,2024-01-06T18:41:00,43,Mobile-Mobile,Tower_Bangalore
496,9876543210,8765432109,2024-01-06T02:50:00,63,Mobile-Mobile,Tower_UP_Kanpur
497,9876543210,8765432109,2024-01-06T15:33:00,819,Mobile-Mobile,Tower_Delhi_Central
498,9876543210,7654321098,2024-01-06T01:29:00,90,Mobile-Mobile,Tower_Delhi_Central
499,9876543210,7654321098,2024-01-06T01:09:00,1066,Mobile-Mobile,Tower_Delhi_Central
500,9876543210,7654321098,2024-01-06T01:10:00,1050,Mobile-Mobile,Tower_UP_Kanpur
501,9876543210,7654321098,2024-01-06T23:40:00,331,Mobile-Mobile,Tower_UP_Kanpur
502,9876543210,7654321098,2024-01-06T20:05:00,89,Mobile-Mobile,Tower_Delhi_Central
503,9876543210,7654321098,2024-01-06T01:28:00,334,Mobile-Mobile,Tower_Delhi_Central
504,9123456789,9876543210,2024-01-06T14:31:00,123,Mobile-Mobile,Tower_UP_Kanpur
505,9123456789,9876543210,2024-01-06T17:35:00,781,Mobile-Mobile,Tower_Mumbai_Central
506,9123456789,9876543210,2024-01-06T13:56:00,636,Mobile-Mobile,Tower_Mumbai_Central
507,9123456789,9876543210,2024-01-06T12:29:00,542,Mobile-Mobile,Tower_Mumbai_Central
508,9123456789,9876543210,2024-01-06T09:59:00,731,Mobile-Mobile,Tower_Bangalore
509,9123456789,9876543210,2024-01-06T03:25:00,1041,Mobile-Mobile,Tower_Bangalore
510,9123456789,9876543210,2024-01-06T14:42:00,155,Mobile-Mobile,Tower_Delhi_Central
511,9123456789,9876543210,2024-01-06T01:03:00,75,Mobile-Mobile,Tower_Delhi_Central
512,9123456789,9876543210,2024-01-06T15:48:00,214,Mobile-Mobile,Tower_UP_Kanpur
513,9123456789,9876543210,2024-01-06T16:09:00,933,Mobile-Mobile,Tower_Delhi_Central
514,9012345678,9876543210,2024-01-06T12:34:00,944,Mobile-Mobile,Tower_Bangalore
515,9012345678,9876543210,2024-01-06T10:51:00,486,Mobile-Mobile,Tower_Bangalore
516,9012345678,9876543210,2024-01-06T20:43:00,441,Mobile-Mobile,Tower_Bangalore
517,9012345678,9876543210,2024-01-06T02:17:00,375,Mobile-Mobile,Tower_UP_Kanpur
518,9012345678,9876543210,2024-01-06T20:40:00,1166,Mobile-Mobile,Tower_UP_Kanpur
519,9012345678,9876543210,2024-01-06T14:57:00,209,Mobile-Mobile,Tower_UP_Kanpur
520,9012345678,9876543210,2024-01-06T02:30:00,727,Mobile-Mobile,Tower_Mumbai_Central
521,8765432109,8912345678,2024-01-06T02:30:00,1060,Mobile-Mobile,Tower_UP_Kanpur
522,8765432109,8912345678,2024-01-06T20:15:00,98,Mobile-Mobile,Tower_UP_Kanpur
523,8765432109,8912345678,2024-01-06T18:01:00,270,Mobile-Mobile,Tower_Mumbai_Central
524,8765432109,8912345678,2024-01-06T11:07:00,145,Mobile-Mobile,Tower_UP_Kanpur
525,8765432109,8912345678,2024-01-06T14:53:00,424,Mobile-Mobile,Tower_Bangalore
526,8765432109,8912345678,2024-01-06T23:26:00,475,Mobile-Mobile,Tower_Bangalore
527,8765432109,8912345678,2024-01-06T15:57:00,449,Mobile-Mobile,Tower_Delhi_Central
528,8765432109,8912345678,2024-01-06T03:15:00,912,Mobile-Mobile,Tower_UP_Kanpur
529,8765432109,8912345678,2024-01-06T03:39:00,1140,Mobile-Mobile,Tower_Mumbai_Central
530,8765432109,8912345678,2024-01-06T03:28:00,435,Mobile-Mobile,Tower_Mumbai_Central
531,8765432109,8912345678,2024-01-06T14:02:00,860,Mobile-Mobile,Tower_Delhi_Central
532,8765432109,8912345678,2024-01-06T16:46:00,369,Mobile-Mobile,Tower_Bangalore
533,8765432109,6543210987,2024-01-06T16:41:00,877,Mobile-Mobile,Tower_Bangalore
534,8765432109,6543210987,2024-01-06T20:59:00,1007,Mobile-Mobile,Tower_Delhi_Central
535,8765432109,6543210987,2024-01-06T18:42:00,909,Mobile-Mobile,Tower_Delhi_Central
536,8765432109,6543210987,2024-01-06T13:06:00,833,Mobile-Mobile,Tower_Bangalore
537,8765432109,6543210987,2024-01-06T15:57:00,566,Mobile-Mobile,Tower_Bangalore
538,8765432109,6543210987,2024-01-06T09:03:00,492,Mobile-Mobile,Tower_Mumbai_Central
539,8765432109,6543210987,2024-01-06T14:18:00,953,Mobile-Mobile,Tower_UP_Kanpur
540,8765432109,6543210987,2024-01-06T11:29:00,662,Mobile-Mobile,Tower_Delhi_Central
541,8765432109,6543210987,2024-01-06T10:51:00,76,Mobile-Mobile,Tower_Delhi_Central
542,7654321098,7123456789,2024-01-06T15:13:00,480,Mobile-Mobile,Tower_Delhi_Central
543,7654321098,7123456789,2024-01-06T01:57:00,1132,Mobile-Mobile,Tower_UP_Kanpur
544,7654321098,7123456789,2024-01-06T13:04:00,962,Mobile-Mobile,Tower_Delhi_Central
545,7654321098,7123456789,2024-01-06T03:12:00,160,Mobile-Mobile,Tower_Bangalore
546,7654321098,7123456789,2024-01-06T18:11:00,970,Mobile-Mobile,Tower_Bangalore
547,7654321098,7123456789,2024-01-06T17:04:00,963,Mobile-Mobile,Tower_UP_Kanpur
548,7654321098,7123456789,2024-01-06T03:41:00,622,Mobile-Mobile,Tower_Mumbai_Central
549,7654321098,7123456789,2024-01-06T03:22:00,511,Mobile-Mobile,Tower_Mumbai_Central
550,7654321098,7123456789,2024-01-06T15:13:00,562,Mobile-Mobile,Tower_UP_Kanpur
551,7654321098,7123456789,2024-01-06T23:31:00,486,Mobile-Mobile,Tower_Mumbai_Central
552,7654321098,7123456789,2024-01-06T20:24:00,353,Mobile-Mobile,Tower_Mumbai_Central
553,7654321098,7123456789,2024-01-06T16:36:00,415,Mobile-Mobile,Tower_Mumbai_Central
554,7654321098,7123456789,2024-01-06T14:14:00,829,Mobile-Mobile,Tower_Delhi_Central
555,7123456789,7654321098,2024-01-06T17:57:00,195,Mobile-Mobile,Tower_Bangalore
556,7123456789,7654321098,2024-01-06T23:25:00,834,Mobile-Mobile,Tower_Delhi_Central
557,7123456789,7654321098,2024-01-06T02:00:00,539,Mobile-Mobile,Tower_UP_Kanpur
558,7123456789,7654321098,2024-01-06T17:55:00,1026,Mobile-Mobile,Tower_Mumbai_Central
559,7123456789,7654321098,2024-01-06T19:30:00,510,Mobile-Mobile,Tower_Delhi_Central
560,7123456789,7654321098,2024-01-06T10:52:00,1029,Mobile-Mobile,Tower_Mumbai_Central
561,7123456789,7654321098,2024-01-06T10:37:00,598,Mobile-Mobile,Tower_UP_Kanpur
562,7123456789,7654321098,2024-01-06T02:28:00,33,Mobile-Mobile,Tower_Mumbai_Central
563,7123456789,7654321098,2024-01-06T18:38:00,737,Mobile-Mobile,Tower_Mumbai_Central
564,7123456789,7654321098,2024-01-06T03:21:00,1181,Mobile-Mobile,Tower_UP_Kanpur
565,7123456789,7654321098,2024-01-06T17:53:00,772,Mobile-Mobile,Tower_Mumbai_Central
566,7123456789,7654321098,2024-01-06T15:06:00,38,Mobile-Mobile,Tower_Bangalore
567,7123456789,7654321098,2024-01-06T15:29:00,147,Mobile-Mobile,Tower_Delhi_Central
568,6543210987,6234567890,2024-01-06T02:06:00,733,Mobile-Mobile,Tower_Bangalore
569,6543210987,6234567890,2024-01-06T18:01:00,146,Mobile-Mobile,Tower_Mumbai_Central
570,6543210987,6234567890,2024-01-06T18:44:00,947,Mobile-Mobile,Tower_Bangalore
571,6543210987,6234567890,2024-01-06T23:37:00,808,Mobile-Mobile,Tower_UP_Kanpur
572,6543210987,6234567890,2024-01-06T23:33:00,282,Mobile-Mobile,Tower_Mumbai_Central
573,6543210987,6234567890,2024-01-06T23:08:00,840,Mobile-Mobile,Tower_UP_Kanpur
574,6543210987,6234567890,2024-01-06T09:19:00,996,Mobile-Mobile,Tower_UP_Kanpur
575,6543210987,6234567890,2024-01-06T23:16:00,342,Mobile-Mobile,Tower_Mumbai_Central
576,6543210987,6234567890,2024-01-06T02:03:00,899,Mobile-Mobile,Tower_UP_Kanpur
577,6543210987,6234567890,2024-01-06T20:17:00,257,Mobile-Mobile,Tower_UP_Kanpur
578,9876543210,9123456789,2024-01-07T18:19:00,169,Mobile-Mobile,Tower_Delhi_Central
579,9876543210,9123456789,2024-01-07T23:36:00,948,Mobile-Mobile,Tower_UP_Kanpur
580,9876543210,9123456789,2024-01-07T02:42:00,85,Mobile-Mobile,Tower_UP_Kanpur
581,9876543210,9123456789,2024-01-07T15:13:00,1091,Mobile-Mobile,Tower_Bangalore
582,9876543210,9123456789,2024-01-07T21:30:00,113,Mobile-Mobile,Tower_Mumbai_Central
583,9876543210,9123456789,2024-01-07T01:49:00,714,Mobile-Mobile,Tower_Mumbai_Central
584,9876543210,9123456789,2024-01-07T11:32:00,474,Mobile-Mobile,Tower_UP_Kanpur
585,9876543210,8765432109,2024-01-07T14:59:00,224,Mobile-Mobile,Tower_Mumbai_Central
586,9876543210,8765432109,2024-01-07T15:46:00,801,Mobile-Mobile,Tower_Mumbai_Central
587,9876543210,8765432109,2024-01-07T10:16:00,417,Mobile-Mobile,Tower_Bangalore
588,9876543210,8765432109,2024-01-07T12:18:00,397,Mobile-Mobile,Tower_Bangalore
589,9876543210,8765432109,2024-01-07T02:21:00,1044,Mobile-Mobile,Tower_Bangalore
590,9876543210,8765432109,2024-01-07T17:17:00,563,Mobile-Mobile,Tower_UP_Kanpur
591,9876543210,8765432109,2024-01-07T20:26:00,672,Mobile-Mobile,Tower_UP_Kanpur
592,9876543210,8765432109,2024-01-07T10:00:00,937,Mobile-Mobile,Tower_Bangalore
593,9876543210,7654321098,2024-01-07T03:39:00,651,Mobile-Mobile,Tower_Bangalore
594,9876543210,7654321098,2024-01-07T14:10:00,801,Mobile-Mobile,Tower_Delhi_Central
595,9876543210,7654321098,2024-01-07T14:56:00,163,Mobile-Mobile,Tower_Delhi_Central
596,9876543210,7654321098,2024-01-07T23:02:00,208,Mobile-Mobile,Tower_Delhi_Central
597,9876543210,7654321098,2024-01-07T19:59:00,142,Mobile-Mobile,Tower_Bangalore
598,9123456789,9876543210,2024-01-07T21:06:00,1002,Mobile-Mobile,Tower_UP_Kanpur
599,9123456789,9876543210,2024-01-07T15:40:00,1135,Mobile-Mobile,Tower_UP_Kanpur
600,9123456789,9876543210,2024-01-07T03:55:00,285,Mobile-Mobile,Tower_UP_Kanpur
601,9123456789,9876543210,2024-01-07T01:53:00,625,Mobile-Mobile,Tower_Delhi_Central
602,9123456789,9876543210,2024-01-07T12:00:00,959,Mobile-Mobile,Tower_UP_Kanpur
603,9123456789,9876543210,2024-01-07T17:41:00,1068,Mobile-Mobile,Tower_Delhi_Central
604,9123456789,9876543210,2024-01-07T23:01:00,1065,Mobile-Mobile,Tower_Delhi_Central
605,9012345678,9876543210,2024-01-07T16:31:00,706,Mobile-Mobile,Tower_Delhi_Central
606,9012345678,9876543210,2024-01-07T03:53:00,1142,Mobile-Mobile,Tower_UP_Kanpur
607,9012345678,9876543210,2024-01-07T19:48:00,455,Mobile-Mobile,Tower_Mumbai_Central
608,9012345678,9876543210,2024-01-07T10:37:00,246,Mobile-Mobile,Tower_UP_Kanpur
609,9012345678,9876543210,2024-01-07T20:01:00,984,Mobile-Mobile,Tower_Bangalore
610,8765432109,8912345678,2024-01-07T01:54:00,274,Mobile-Mobile,Tower_Bangalore
611,8765432109,8912345678,2024-01-07T17:42:00,1124,Mobile-Mobile,Tower_Bangalore
612,8765432109,8912345678,2024-01-07T23:51:00,473,Mobile-Mobile,Tower_Mumbai_Central
613,8765432109,8912345678,2024-01-07T13:27:00,226,Mobile-Mobile,Tower_UP_Kanpur
614,8765432109,8912345678,2024-01-07T16:05:00,1126,Mobile-Mobile,Tower_Delhi_Central
615,8765432109,8912345678,2024-01-07T03:20:00,465,Mobile-Mobile,Tower_Delhi_Central
616,8765432109,8912345678,2024-01-07T14:52:00,1116,Mobile-Mobile,Tower_Mumbai_Central
617,8765432109,8912345678,2024-01-07T13:17:00,152,Mobile-Mobile,Tower_Bangalore
618,8765432109,8912345678,2024-01-07T13:04:00,1172,Mobile-Mobile,Tower_Mumbai_Central
619,8765432109,8912345678,2024-01-07T23:36:00,1055,Mobile-Mobile,Tower_Delhi_Central
620,8765432109,6543210987,2024-01-07T03:40:00,48,Mobile-Mobile,Tower_Delhi_Central
621,8765432109,6543210987,2024-01-07T14:21:00,99,Mobile-Mobile,Tower_Delhi_Central
622,8765432109,6543210987,2024-01-07T10:28:00,175,Mobile-Mobile,Tower_Delhi_Central
623,8765432109,6543210987,2024-01-07T02:18:00,162,Mobile-Mobile,Tower_Mumbai_Central
624,8765432109,6543210987,2024-01-07T18:11:00,512,Mobile-Mobile,Tower_Delhi_Central
625,8765432109,6543210987,2024-01-07T11:35:00,147,Mobile-Mobile,Tower_Bangalore
626,8765432109,6543210987,2024-01-07T19:53:00,972,Mobile-Mobile,Tower_Mumbai_Central
627,8765432109,6543210987,2024-01-07T16:42:00,1171,Mobile-Mobile,Tower_Delhi_Central
628,8765432109,6543210987,2024-01-07T01:01:00,814,Mobile-Mobile,Tower_Delhi_Central
629,7654321098,7123456789,2024-01-07T19:39:00,1117,Mobile-Mobile,Tower_Bangalore
630,7654321098,7123456789,2024-01-07T01:40:00,582,Mobile-Mobile,Tower_Mumbai_Central
631,7654321098,7123456789,2024-01-07T01:10:00,50,Mobile-Mobile,Tower_Bangalore
632,7654321098,7123456789,2024-01-07T09:55:00,105,Mobile-Mobile,Tower_Bangalore
633,7654321098,7123456789,2024-01-07T15:56:00,1175,Mobile-Mobile,Tower_Delhi_Central
634,7654321098,7123456789,2024-01-07T15:48:00,653,Mobile-Mobile,Tower_Bangalore
635,7654321098,7123456789,2024-01-07T01:03:00,331,Mobile-Mobile,Tower_Mumbai_Central
636,7654321098,7123456789,2024-01-07T14:00:00,443,Mobile-Mobile,Tower_Bangalore
637,7654321098,7123456789,2024-01-07T19:58:00,362,Mobile-Mobile,Tower_Bangalore
638,7654321098,7123456789,2024-01-07T09:30:00,925,Mobile-Mobile,Tower_Mumbai_Central
639,7654321098,7123456789,2024-01-07T10:58:00,857,Mobile-Mobile,Tower_Bangalore
640,7654321098,7123456789,2024-01-07T12:56:00,79,Mobile-Mobile,Tower_UP_Kanpur
641,7654321098,7123456789,2024-01-07T16:01:00,795,Mobile-Mobile,Tower_UP_Kanpur
642,7654321098,7123456789,2024-01-07T21:54:00,356,Mobile-Mobile,Tower_Bangalore
643,7654321098,7123456789,2024-01-07T23:55:00,1074,Mobile-Mobile,Tower_Delhi_Central
644,7654321098,7123456789,2024-01-07T11:38:00,190,Mobile-Mobile,Tower_UP_Kanpur
645,7654321098,7123456789,2024-01-07T02:49:00,690,Mobile-Mobile,Tower_Delhi_Central
646,7123456789,7654321098,2024-01-07T12:07:00,58,Mobile-Mobile,Tower_Bangalore
647,7123456789,7654321098,2024-01-07T17:28:00,413,Mobile-Mobile,Tower_Delhi_Central
648,7123456789,7654321098,2024-01-07T02:55:00,406,Mobile-Mobile,Tower_Bangalore
649,7123456789,7654321098,2024-01-07T14:56:00,1177,Mobile-Mobile,Tower_Delhi_Central
650,7123456789,7654321098,2024-01-07T03:35:00,175,Mobile-Mobile,Tower_Bangalore
651,7123456789,7654321098,2024-01-07T21:53:00,838,Mobile-Mobile,Tower_Bangalore
652,7123456789,7654321098,2024-01-07T03:04:00,802,Mobile-Mobile,Tower_Mumbai_Central
653,7123456789,7654321098,2024-01-07T11:29:00,1138,Mobile-Mobile,Tower_UP_Kanpur
654,7123456789,7654321098,2024-01-07T02:50:00,358,Mobile-Mobile,Tower_Delhi_Central
655,7123456789,7654321098,2024-01-07T23:40:00,664,Mobile-Mobile,Tower_UP_Kanpur
656,7123456789,7654321098,2024-01-07T10:54:00,84,Mobile-Mobile,Tower_UP_Kanpur
657,7123456789,7654321098,2024-01-07T21:17:00,689,Mobile-Mobile,Tower_Delhi_Central
658,7123456789,7654321098,2024-01-07T13:00:00,227,Mobile-Mobile,Tower_Mumbai_Central
659,7123456789,7654321098,2024-01-07T16:39:00,1052,Mobile-Mobile,Tower_Bangalore
660,7123456789,7654321098,2024-01-07T09:16:00,1024,Mobile-Mobile,Tower_Delhi_Central
661,7123456789,7654321098,2024-01-07T03:39:00,843,Mobile-Mobile,Tower_Mumbai_Central
662,6543210987,6234567890,2024-01-07T13:22:00,721,Mobile-Mobile,Tower_UP_Kanpur
663,6543210987,6234567890,2024-01-07T01:13:00,294,Mobile-Mobile,Tower_Bangalore
664,6543210987,6234567890,2024-01-07T16:58:00,1054,Mobile-Mobile,Tower_Bangalore
665,6543210987,6234567890,2024-01-07T02:08:00,449,Mobile-Mobile,Tower_Bangalore
666,6543210987,6234567890,2024-01-07T21:52:00,1021,Mobile-Mobile,Tower_Bangalore
667,6543210987,6234567890,2024-01-07T19:58:00,116,Mobile-Mobile,Tower_Mumbai_Central
668,6543210987,6234567890,2024-01-07T18:49:00,793,Mobile-Mobile,Tower_UP_Kanpur
669,9876543210,9123456789,2024-01-08T19:16:00,932,Mobile-Mobile,Tower_Bangalore
670,9876543210,9123456789,2024-01-08T01:28:00,497,Mobile-Mobile,Tower_Delhi_Central
671,9876543210,9123456789,2024-01-08T09:35:00,187,Mobile-Mobile,Tower_Bangalore
672,9876543210,9123456789,2024-01-08T20:23:00,245,Mobile-Mobile,Tower_UP_Kanpur
673,9876543210,9123456789,2024-01-08T02:57:00,584,Mobile-Mobile,Tower_Delhi_Central
674,9876543210,9123456789,2024-01-08T13:06:00,296,Mobile-Mobile,Tower_Delhi_Central
675,9876543210,9123456789,2024-01-08T03:29:00,545,Mobile-Mobile,Tower_UP_Kanpur
676,9876543210,9123456789,2024-01-08T23:33:00,1191,Mobile-Mobile,Tower_Bangalore
677,9876543210,9123456789,2024-01-08T11:08:00,392,Mobile-Mobile,Tower_Mumbai_Central
678,9876543210,9123456789,2024-01-08T12:30:00,309,Mobile-Mobile,Tower_Delhi_Central
679,9876543210,8765432109,2024-01-08T23:38:00,1077,Mobile-Mobile,Tower_Mumbai_Central
680,9876543210,8765432109,2024-01-08T16:57:00,367,Mobile-Mobile,Tower_Bangalore
681,9876543210,8765432109,2024-01-08T23:40:00,1033,Mobile-Mobile,Tower_Bangalore
682,9876543210,8765432109,2024-01-08T03:18:00,520,Mobile-Mobile,Tower_Delhi_Central
683,9876543210,8765432109,2024-01-08T14:53:00,617,Mobile-Mobile,Tower_Mumbai_Central
684,9876543210,7654321098,2024-01-08T19:46:00,294,Mobile-Mobile,Tower_Bangalore
685,9876543210,7654321098,2024-01-08T14:06:00,402,Mobile-Mobile,Tower_Mumbai_Central
686,9876543210,7654321098,2024-01-08T01:53:00,72,Mobile-Mobile,Tower_Delhi_Central
687,9876543210,7654321098,2024-01-08T02:09:00,370,Mobile-Mobile,Tower_Delhi_Central
688,9876543210,7654321098,2024-01-08T17:54:00,33,Mobile-Mobile,Tower_UP_Kanpur
689,9876543210,7654321098,2024-01-08T01:51:00,789,Mobile-Mobile,Tower_Mumbai_Central
690,9876543210,7654321098,2024-01-08T03:43:00,779,Mobile-Mobile,Tower_Bangalore
691,9876543210,7654321098,2024-01-08T23:39:00,320,Mobile-Mobile,Tower_Bangalore
692,9123456789,9876543210,2024-01-08T23:11:00,699,Mobile-Mobile,Tower_Mumbai_Central
693,9123456789,9876543210,2024-01-08T11:31:00,223,Mobile-Mobile,Tower_Delhi_Central
694,9123456789,9876543210,2024-01-08T02:57:00,759,Mobile-Mobile,Tower_Bangalore
695,9123456789,9876543210,2024-01-08T15:39:00,1074,Mobile-Mobile,Tower_UP_Kanpur
696,9123456789,9876543210,2024-01-08T10:53:00,1032,Mobile-Mobile,Tower_Mumbai_Central
697,9123456789,9876543210,2024-01-08T01:42:00,280,Mobile-Mobile,Tower_Delhi_Central
698,9123456789,9876543210,2024-01-08T12:29:00,1035,Mobile-Mobile,Tower_Mumbai_Central
699,9123456789,9876543210,2024-01-08T09:02:00,882,Mobile-Mobile,Tower_Delhi_Central
700,9012345678,9876543210,2024-01-08T21:11:00,491,Mobile-Mobile,Tower_UP_Kanpur
701,9012345678,9876543210,2024-01-08T17:36:00,708,Mobile-Mobile,Tower_Bangalore
702,9012345678,9876543210,2024-01-08T01:53:00,1178,Mobile-Mobile,Tower_UP_Kanpur
703,9012345678,9876543210,2024-01-08T02:09:00,533,Mobile-Mobile,Tower_Mumbai_Central
704,9012345678,9876543210,2024-01-08T01:43:00,598,Mobile-Mobile,Tower_UP_Kanpur
705,9012345678,9876543210,2024-01-08T03:47:00,1108,Mobile-Mobile,Tower_Bangalore
706,9012345678,9876543210,2024-01-08T21:53:00,890,Mobile-Mobile,Tower_Delhi_Central
707,9012345678,9876543210,2024-01-08T14:17:00,964,Mobile-Mobile,Tower_Delhi_Central
708,8765432109,8912345678,2024-01-08T19:24:00,884,Mobile-Mobile,Tower_Mumbai_Central
709,8765432109,8912345678,2024-01-08T10:55:00,526,Mobile-Mobile,Tower_UP_Kanpur
710,8765432109,8912345678,2024-01-08T23:50:00,777,Mobile-Mobile,Tower_Delhi_Central
711,8765432109,8912345678,2024-01-08T21:24:00,1013,Mobile-Mobile,Tower_Bangalore
712,8765432109,8912345678,2024-01-08T14:25:00,888,Mobile-Mobile,Tower_UP_Kanpur
713,8765432109,8912345678,2024-01-08T03:54:00,763,Mobile-Mobile,Tower_Mumbai_Central
714,8765432109,8912345678,2024-01-08T03:27:00,309,Mobile-Mobile,Tower_Mumbai_Central
715,8765432109,8912345678,2024-01-08T18:03:00,885,Mobile-Mobile,Tower_UP_Kanpur
716,8765432109,8912345678,2024-01-08T09:34:00,987,Mobile-Mobile,Tower_UP_Kanpur
717,8765432109,8912345678,2024-01-08T15:01:00,787,Mobile-Mobile,Tower_Bangalore
718,8765432109,8912345678,2024-01-08T02:45:00,1145,Mobile-Mobile,Tower_Bangalore
719,8765432109,8912345678,2024-01-08T16:57:00,967,Mobile-Mobile,Tower_UP_Kanpur
720,8765432109,8912345678,2024-01-08T01:08:00,284,Mobile-Mobile,Tower_Mumbai_Central
721,8765432109,6543210987,2024-01-08T02:51:00,200,Mobile-Mobile,Tower_UP_Kanpur
722,8765432109,6543210987,2024-01-08T01:31:00,1110,Mobile-Mobile,Tower_Mumbai_Central
723,8765432109,6543210987,2024-01-08T09:34:00,468,Mobile-Mobile,Tower_Mumbai_Central
724,8765432109,6543210987,2024-01-08T13:43:00,617,Mobile-Mobile,Tower_Delhi_Central
725,8765432109,6543210987,2024-01-08T17:32:00,416,Mobile-Mobile,Tower_Delhi_Central
726,8765432109,6543210987,2024-01-08T15:03:00,991,Mobile-Mobile,Tower_UP_Kanpur
727,8765432109,6543210987,2024-01-08T15:10:00,700,Mobile-Mobile,Tower_Mumbai_Central
728,8765432109,6543210987,2024-01-08T02:41:00,228,Mobile-Mobile,Tower_Mumbai_Central
729,8765432109,6543210987,2024-01-08T21:28:00,724,Mobile-Mobile,Tower_Bangalore
730,7654321098,7123456789,2024-01-08T02:12:00,405,Mobile-Mobile,Tower_UP_Kanpur
731,7654321098,7123456789,2024-01-08T15:45:00,145,Mobile-Mobile,Tower_Mumbai_Central
732,7654321098,7123456789,2024-01-08T16:08:00,961,Mobile-Mobile,Tower_Bangalore
733,7654321098,7123456789,2024-01-08T23:35:00,705,Mobile-Mobile,Tower_Mumbai_Central
734,7654321098,7123456789,2024-01-08T11:44:00,515,Mobile-Mobile,Tower_Delhi_Central
735,7654321098,7123456789,2024-01-08T03:31:00,358,Mobile-Mobile,Tower_Bangalore
736,7654321098,7123456789,2024-01-08T12:55:00,421,Mobile-Mobile,Tower_Mumbai_Central
737,7654321098,7123456789,2024-01-08T17:23:00,478,Mobile-Mobile,Tower_UP_Kanpur
738,7654321098,7123456789,2024-01-08T12:34:00,446,Mobile-Mobile,Tower_UP_Kanpur
739,7654321098,7123456789,2024-01-08T12:54:00,522,Mobile-Mobile,Tower_Bangalore
740,7654321098,7123456789,2024-01-08T03:40:00,558,Mobile-Mobile,Tower_Bangalore
741,7654321098,7123456789,2024-01-08T18:40:00,201,Mobile-Mobile,Tower_Mumbai_Central
742,7654321098,7123456789,2024-01-08T03:06:00,756,Mobile-Mobile,Tower_Bangalore
743,7654321098,7123456789,2024-01-08T19:33:00,431,Mobile-Mobile,Tower_Mumbai_Central
744,7654321098,7123456789,2024-01-08T21:55:00,521,Mobile-Mobile,Tower_Delhi_Central
745,7654321098,7123456789,2024-01-08T16:43:00,557,Mobile-Mobile,Tower_Bangalore
746,7654321098,7123456789,2024-01-08T02:59:00,741,Mobile-Mobile,Tower_Bangalore
747,7123456789,7654321098,2024-01-08T14:42:00,1033,Mobile-Mobile,Tower_Delhi_Central
748,7123456789,7654321098,2024-01-08T17:07:00,1119,Mobile-Mobile,Tower_Bangalore
749,7123456789,7654321098,2024-01-08T01:36:00,1197,Mobile-Mobile,Tower_Bangalore
750,7123456789,7654321098,2024-01-08T01:57:00,495,Mobile-Mobile,Tower_Mumbai_Central
751,7123456789,7654321098,2024-01-08T20:19:00,385,Mobile-Mobile,Tower_Delhi_Central
752,7123456789,7654321098,2024-01-08T19:01:00,316,Mobile-Mobile,Tower_Mumbai_Central
753,7123456789,7654321098,2024-01-08T23:08:00,883,Mobile-Mobile,Tower_UP_Kanpur
754,7123456789,7654321098,2024-01-08T15:30:00,1013,Mobile-Mobile,Tower_UP_Kanpur
755,7123456789,7654321098,2024-01-08T03:32:00,143,Mobile-Mobile,Tower_Bangalore
756,7123456789,7654321098,2024-01-08T18:10:00,647,Mobile-Mobile,Tower_Delhi_Central
757,7123456789,7654321098,2024-01-08T01:34:00,490,Mobile-Mobile,Tower_Delhi_Central
758,7123456789,7654321098,2024-01-08T23:43:00,270,Mobile-Mobile,Tower_UP_Kanpur
759,7123456789,7654321098,2024-01-08T02:54:00,916,Mobile-Mobile,Tower_Bangalore
760,7123456789,7654321098,2024-01-08T03:38:00,253,Mobile-Mobile,Tower_UP_Kanpur
761,7123456789,7654321098,2024-01-08T03:02:00,384,Mobile-Mobile,Tower_UP_Kanpur
762,7123456789,7654321098,2024-01-08T23:05:00,638,Mobile-Mobile,Tower_Bangalore
763,7123456789,7654321098,2024-01-08T09:05:00,378,Mobile-Mobile,Tower_UP_Kanpur
764,7123456789,7654321098,2024-01-08T20:52:00,487,Mobile-Mobile,Tower_UP_Kanpur
765,6543210987,6234567890,2024-01-08T20:43:00,823,Mobile-Mobile,Tower_Bangalore
766,6543210987,6234567890,2024-01-08T03:40:00,175,Mobile-Mobile,Tower_Delhi_Central
767,6543210987,6234567890,2024-01-08T21:10:00,497,Mobile-Mobile,Tower_Bangalore
768,6543210987,6234567890,2024-01-08T19:13:00,661,Mobile-Mobile,Tower_UP_Kanpur
769,6543210987,6234567890,2024-01-08T01:37:00,133,Mobile-Mobile,Tower_Delhi_Central
770,6543210987,6234567890,2024-01-08T14:39:00,644,Mobile-Mobile,Tower_Delhi_Central
771,6543210987,6234567890,2024-01-08T10:38:00,675,Mobile-Mobile,Tower_Mumbai_Central
772,6543210987,6234567890,2024-01-08T21:42:00,529,Mobile-Mobile,Tower_Delhi_Central
773,6543210987,6234567890,2024-01-08T01:56:00,270,Mobile-Mobile,Tower_Mumbai_Central
774,6543210987,6234567890,2024-01-08T14:16:00,977,Mobile-Mobile,Tower_Delhi_Central
775,9876543210,9123456789,2024-01-09T03:43:00,963,Mobile-Mobile,Tower_UP_Kanpur
776,9876543210,9123456789,2024-01-09T03:39:00,693,Mobile-Mobile,Tower_UP_Kanpur
777,9876543210,9123456789,2024-01-09T12:56:00,76,Mobile-Mobile,Tower_Delhi_Central
778,9876543210,9123456789,2024-01-09T15:47:00,402,Mobile-Mobile,Tower_Bangalore
779,9876543210,9123456789,2024-01-09T10:41:00,1062,Mobile-Mobile,Tower_Mumbai_Central
780,9876543210,9123456789,2024-01-09T17:41:00,983,Mobile-Mobile,Tower_Delhi_Central
781,9876543210,9123456789,2024-01-09T02:07:00,604,Mobile-Mobile,Tower_Mumbai_Central
782,9876543210,9123456789,2024-01-09T23:42:00,806,Mobile-Mobile,Tower_UP_Kanpur
783,9876543210,9123456789,2024-01-09T11:35:00,724,Mobile-Mobile,Tower_Delhi_Central
784,9876543210,8765432109,2024-01-09T02:43:00,710,Mobile-Mobile,Tower_Delhi_Central
785,9876543210,8765432109,2024-01-09T15:58:00,800,Mobile-Mobile,Tower_Mumbai_Central
786,9876543210,8765432109,2024-01-09T15:09:00,711,Mobile-Mobile,Tower_Mumbai_Central
787,9876543210,8765432109,2024-01-09T02:05:00,956,Mobile-Mobile,Tower_Bangalore
788,9876543210,8765432109,2024-01-09T12:37:00,665,Mobile-Mobile,Tower_UP_Kanpur
789,9876543210,8765432109,2024-01-09T18:42:00,153,Mobile-Mobile,Tower_Bangalore
790,9876543210,8765432109,2024-01-09T15:51:00,1157,Mobile-Mobile,Tower_Delhi_Central
791,9876543210,8765432109,2024-01-09T13:34:00,1161,Mobile-Mobile,Tower_UP_Kanpur
792,9876543210,7654321098,2024-01-09T15:08:00,736,Mobile-Mobile,Tower_Mumbai_Central
793,9876543210,7654321098,2024-01-09T09:40:00,760,Mobile-Mobile,Tower_Mumbai_Central
794,9876543210,7654321098,2024-01-09T02:45:00,902,Mobile-Mobile,Tower_Delhi_Central
795,9876543210,7654321098,2024-01-09T09:24:00,585,Mobile-Mobile,Tower_UP_Kanpur
796,9876543210,7654321098,2024-01-09T03:55:00,431,Mobile-Mobile,Tower_UP_Kanpur
797,9123456789,9876543210,2024-01-09T01:15:00,199,Mobile-Mobile,Tower_Delhi_Central
798,9123456789,9876543210,2024-01-09T14:30:00,1045,Mobile-Mobile,Tower_Mumbai_Central
799,9123456789,9876543210,2024-01-09T11:37:00,814,Mobile-Mobile,Tower_Bangalore
800,9123456789,9876543210,2024-01-09T13:28:00,972,Mobile-Mobile,Tower_Delhi_Central
801,9123456789,9876543210,2024-01-09T02:54:00,835,Mobile-Mobile,Tower_Bangalore
802,9123456789,9876543210,2024-01-09T13:09:00,915,Mobile-Mobile,Tower_Bangalore
803,9123456789,9876543210,2024-01-09T18:00:00,414,Mobile-Mobile,Tower_Mumbai_Central
804,9123456789,9876543210,2024-01-09T10:00:00,554,Mobile-Mobile,Tower_Delhi_Central
805,9123456789,9876543210,2024-01-09T16:52:00,682,Mobile-Mobile,Tower_UP_Kanpur
806,9123456789,9876543210,2024-01-09T20:36:00,48,Mobile-Mobile,Tower_UP_Kanpur
807,9012345678,9876543210,2024-01-09T12:06:00,281,Mobile-Mobile,Tower_Mumbai_Central
808,9012345678,9876543210,2024-01-09T23:04:00,449,Mobile-Mobile,Tower_Mumbai_Central
809,9012345678,9876543210,2024-01-09T03:07:00,973,Mobile-Mobile,Tower_Bangalore
810,9012345678,9876543210,2024-01-09T23:39:00,623,Mobile-Mobile,Tower_UP_Kanpur
811,9012345678,9876543210,2024-01-09T17:01:00,592,Mobile-Mobile,Tower_Bangalore
812,9012345678,9876543210,2024-01-09T09:48:00,46,Mobile-Mobile,Tower_Delhi_Central
813,8765432109,8912345678,2024-01-09T02:45:00,795,Mobile-Mobile,Tower_Bangalore
814,8765432109,8912345678,2024-01-09T01:00:00,812,Mobile-Mobile,Tower_Mumbai_Central
815,8765432109,8912345678,2024-01-09T23:50:00,63,Mobile-Mobile,Tower_Mumbai_Central
816,8765432109,8912345678,2024-01-09T12:28:00,438,Mobile-Mobile,Tower_Mumbai_Central
817,8765432109,8912345678,2024-01-09T21:21:00,630,Mobile-Mobile,Tower_Mumbai_Central
818,8765432109,8912345678,2024-01-09T20:15:00,291,Mobile-Mobile,Tower_Bangalore
819,8765432109,8912345678,2024-01-09T20:54:00,970,Mobile-Mobile,Tower_Bangalore
820,8765432109,8912345678,2024-01-09T23:33:00,880,Mobile-Mobile,Tower_Delhi_Central
821,8765432109,8912345678,2024-01-09T19:58:00,1131,Mobile-Mobile,Tower_UP_Kanpur
822,8765432109,8912345678,2024-01-09T12:15:00,919,Mobile-Mobile,Tower_UP_Kanpur
823,8765432109,8912345678,2024-01-09T20:02:00,878,Mobile-Mobile,Tower_Delhi_Central
824,8765432109,8912345678,2024-01-09T23:16:00,521,Mobile-Mobile,Tower_Mumbai_Central
825,8765432109,6543210987,2024-01-09T02:04:00,948,Mobile-Mobile,Tower_Bangalore
826,8765432109,6543210987,2024-01-09T13:38:00,597,Mobile-Mobile,Tower_Delhi_Central
827,8765432109,6543210987,2024-01-09T09:46:00,960,Mobile-Mobile,Tower_Delhi_Central
828,8765432109,6543210987,2024-01-09T20:59:00,787,Mobile-Mobile,Tower_Delhi_Central
829,8765432109,6543210987,2024-01-09T20:14:00,156,Mobile-Mobile,Tower_UP_Kanpur
830,8765432109,6543210987,2024-01-09T01:14:00,1117,Mobile-Mobile,Tower_Delhi_Central
831,7654321098,7123456789,2024-01-09T09:30:00,718,Mobile-Mobile,Tower_UP_Kanpur
832,7654321098,7123456789,2024-01-09T15:29:00,824,Mobile-Mobile,Tower_Mumbai_Central
833,7654321098,7123456789,2024-01-09T12:48:00,743,Mobile-Mobile,Tower_UP_Kanpur
834,7654321098,7123456789,2024-01-09T14:25:00,282,Mobile-Mobile,Tower_UP_Kanpur
835,7654321098,7123456789,2024-01-09T19:23:00,205,Mobile-Mobile,Tower_Bangalore
836,7654321098,7123456789,2024-01-09T16:31:00,559,Mobile-Mobile,Tower_Mumbai_Central
837,7654321098,7123456789,2024-01-09T20:05:00,1115,Mobile-Mobile,Tower_Delhi_Central
838,7654321098,7123456789,2024-01-09T23:32:00,368,Mobile-Mobile,Tower_Bangalore
839,7654321098,7123456789,2024-01-09T16:43:00,85,Mobile-Mobile,Tower_Mumbai_Central
840,7654321098,7123456789,2024-01-09T03:17:00,381,Mobile-Mobile,Tower_Mumbai_Central
841,7654321098,7123456789,2024-01-09T21:41:00,1123,Mobile-Mobile,Tower_Mumbai_Central
842,7654321098,7123456789,2024-01-09T03:45:00,934,Mobile-Mobile,Tower_Delhi_Central
843,7654321098,7123456789,2024-01-09T19:22:00,41,Mobile-Mobile,Tower_Delhi_Central
844,7654321098,7123456789,2024-01-09T16:44:00,1014,Mobile-Mobile,Tower_UP_Kanpur
845,7654321098,7123456789,2024-01-09T01:08:00,518,Mobile-Mobile,Tower_UP_Kanpur
846,7654321098,7123456789,2024-01-09T02:36:00,138,Mobile-Mobile,Tower_Mumbai_Central
847,7123456789,7654321098,2024-01-09T19:19:00,399,Mobile-Mobile,Tower_Delhi_Central
848,7123456789,7654321098,2024-01-09T17:25:00,1183,Mobile-Mobile,Tower_Bangalore
849,7123456789,7654321098,2024-01-09T03:20:00,986,Mobile-Mobile,Tower_Bangalore
850,7123456789,7654321098,2024-01-09T21:55:00,283,Mobile-Mobile,Tower_Delhi_Central
851,7123456789,7654321098,2024-01-09T11:31:00,859,Mobile-Mobile,Tower_Delhi_Central
852,7123456789,7654321098,2024-01-09T23:36:00,355,Mobile-Mobile,Tower_Mumbai_Central
853,7123456789,7654321098,2024-01-09T18:37:00,157,Mobile-Mobile,Tower_Bangalore
854,7123456789,7654321098,2024-01-09T12:57:00,795,Mobile-Mobile,Tower_Bangalore
855,7123456789,7654321098,2024-01-09T17:12:00,446,Mobile-Mobile,Tower_Delhi_Central
856,7123456789,7654321098,2024-01-09T18:18:00,607,Mobile-Mobile,Tower_Bangalore
857,7123456789,7654321098,2024-01-09T03:50:00,330,Mobile-Mobile,Tower_Mumbai_Central
858,7123456789,7654321098,2024-01-09T17:18:00,1166,Mobile-Mobile,Tower_UP_Kanpur
859,7123456789,7654321098,2024-01-09T23:55:00,127,Mobile-Mobile,Tower_Delhi_Central
860,7123456789,7654321098,2024-01-09T03:34:00,393,Mobile-Mobile,Tower_Mumbai_Central
861,7123456789,7654321098,2024-01-09T20:49:00,700,Mobile-Mobile,Tower_Delhi_Central
862,7123456789,7654321098,2024-01-09T01:15:00,1008,Mobile-Mobile,Tower_Bangalore
863,7123456789,7654321098,2024-01-09T14:35:00,1110,Mobile-Mobile,Tower_Bangalore
864,7123456789,7654321098,2024-01-09T01:13:00,282,Mobile-Mobile,Tower_Delhi_Central
865,6543210987,6234567890,2024-01-09T14:59:00,992,Mobile-Mobile,Tower_Mumbai_Central
866,6543210987,6234567890,2024-01-09T16:10:00,479,Mobile-Mobile,Tower_Bangalore
867,6543210987,6234567890,2024-01-09T10:09:00,83,Mobile-Mobile,Tower_UP_Kanpur
868,6543210987,6234567890,2024-01-09T17:00:00,865,Mobile-Mobile,Tower_Mumbai_Central
869,6543210987,6234567890,2024-01-09T14:02:00,811,Mobile-Mobile,Tower_Delhi_Central
870,6543210987,6234567890,2024-01-09T03:39:00,536,Mobile-Mobile,Tower_UP_Kanpur
871,6543210987,6234567890,2024-01-09T01:27:00,665,Mobile-Mobile,Tower_UP_Kanpur
872,6543210987,6234567890,2024-01-09T17:45:00,774,Mobile-Mobile,Tower_Bangalore
873,9876543210,9123456789,2024-01-10T23:58:00,614,Mobile-Mobile,Tower_Mumbai_Central
874,9876543210,9123456789,2024-01-10T15:52:00,343,Mobile-Mobile,Tower_Delhi_Central
875,9876543210,9123456789,2024-01-10T18:27:00,1076,Mobile-Mobile,Tower_UP_Kanpur
876,9876543210,9123456789,2024-01-10T03:28:00,1039,Mobile-Mobile,Tower_Delhi_Central
877,9876543210,9123456789,2024-01-10T15:04:00,1119,Mobile-Mobile,Tower_Bangalore
878,9876543210,9123456789,2024-01-10T01:49:00,922,Mobile-Mobile,Tower_UP_Kanpur
879,9876543210,9123456789,2024-01-10T15:13:00,774,Mobile-Mobile,Tower_UP_Kanpur
880,9876543210,9123456789,2024-01-10T23:24:00,832,Mobile-Mobile,Tower_Bangalore
881,9876543210,9123456789,2024-01-10T12:04:00,957,Mobile-Mobile,Tower_UP_Kanpur
882,9876543210,9123456789,2024-01-10T10:41:00,1162,Mobile-Mobile,Tower_UP_Kanpur
883,9876543210,9123456789,2024-01-10T18:24:00,1120,Mobile-Mobile,Tower_UP_Kanpur
884,9876543210,8765432109,2024-01-10T03:55:00,39,Mobile-Mobile,Tower_UP_Kanpur
885,9876543210,8765432109,2024-01-10T23:08:00,611,Mobile-Mobile,Tower_Bangalore
886,9876543210,8765432109,2024-01-10T19:28:00,486,Mobile-Mobile,Tower_Mumbai_Central
887,9876543210,8765432109,2024-01-10T02:13:00,886,Mobile-Mobile,Tower_Bangalore
888,9876543210,7654321098,2024-01-10T01:32:00,1041,Mobile-Mobile,Tower_UP_Kanpur
889,9876543210,7654321098,2024-01-10T21:50:00,838,Mobile-Mobile,Tower_Mumbai_Central
890,9876543210,7654321098,2024-01-10T19:30:00,398,Mobile-Mobile,Tower_Delhi_Central
891,9876543210,7654321098,2024-01-10T11:51:00,1094,Mobile-Mobile,Tower_Mumbai_Central
892,9876543210,7654321098,2024-01-10T12:22:00,547,Mobile-Mobile,Tower_Bangalore
893,9876543210,7654321098,2024-01-10T11:40:00,542,Mobile-Mobile,Tower_Mumbai_Central
894,9123456789,9876543210,2024-01-10T23:13:00,797,Mobile-Mobile,Tower_Mumbai_Central
895,9123456789,9876543210,2024-01-10T01:20:00,1115,Mobile-Mobile,Tower_Mumbai_Central
896,9123456789,9876543210,2024-01-10T02:51:00,849,Mobile-Mobile,Tower_Delhi_Central
897,9123456789,9876543210,2024-01-10T01:51:00,422,Mobile-Mobile,Tower_Mumbai_Central
898,9123456789,9876543210,2024-01-10T03:18:00,839,Mobile-Mobile,Tower_Mumbai_Central
899,9123456789,9876543210,2024-01-10T03:23:00,975,Mobile-Mobile,Tower_Mumbai_Central
900,9123456789,9876543210,2024-01-10T14:43:00,124,Mobile-Mobile,Tower_Delhi_Central
901,9123456789,9876543210,2024-01-10T10:56:00,429,Mobile-Mobile,Tower_Bangalore
902,9123456789,9876543210,2024-01-10T01:15:00,30,Mobile-Mobile,Tower_Mumbai_Central
903,9123456789,9876543210,2024-01-10T01:08:00,885,Mobile-Mobile,Tower_Delhi_Central
904,9012345678,9876543210,2024-01-10T15:23:00,36,Mobile-Mobile,Tower_Delhi_Central
905,9012345678,9876543210,2024-01-10T20:16:00,199,Mobile-Mobile,Tower_Delhi_Central
906,9012345678,9876543210,2024-01-10T14:03:00,1113,Mobile-Mobile,Tower_Mumbai_Central
907,9012345678,9876543210,2024-01-10T10:36:00,171,Mobile-Mobile,Tower_Delhi_Central
908,9012345678,9876543210,2024-01-10T11:19:00,121,Mobile-Mobile,Tower_UP_Kanpur
909,9012345678,9876543210,2024-01-10T19:31:00,989,Mobile-Mobile,Tower_Bangalore
910,9012345678,9876543210,2024-01-10T03:36:00,110,Mobile-Mobile,Tower_UP_Kanpur
911,8765432109,8912345678,2024-01-10T10:23:00,177,Mobile-Mobile,Tower_Delhi_Central
912,8765432109,8912345678,2024-01-10T01:29:00,37,Mobile-Mobile,Tower_Delhi_Central
913,8765432109,8912345678,2024-01-10T23:13:00,911,Mobile-Mobile,Tower_Mumbai_Central
914,8765432109,8912345678,2024-01-10T19:24:00,896,Mobile-Mobile,Tower_UP_Kanpur
915,8765432109,8912345678,2024-01-10T03:58:00,532,Mobile-Mobile,Tower_Bangalore
916,8765432109,8912345678,2024-01-10T13:06:00,130,Mobile-Mobile,Tower_UP_Kanpur
917,8765432109,8912345678,2024-01-10T19:41:00,273,Mobile-Mobile,Tower_UP_Kanpur
918,8765432109,8912345678,2024-01-10T17:58:00,1072,Mobile-Mobile,Tower_UP_Kanpur
919,8765432109,8912345678,2024-01-10T18:44:00,293,Mobile-Mobile,Tower_Mumbai_Central
920,8765432109,8912345678,2024-01-10T17:18:00,1070,Mobile-Mobile,Tower_Mumbai_Central
921,8765432109,6543210987,2024-01-10T09:04:00,210,Mobile-Mobile,Tower_Bangalore
922,8765432109,6543210987,2024-01-10T16:51:00,240,Mobile-Mobile,Tower_Delhi_Central
923,8765432109,6543210987,2024-01-10T21:33:00,700,Mobile-Mobile,Tower_Mumbai_Central
924,8765432109,6543210987,2024-01-10T01:46:00,415,Mobile-Mobile,Tower_Delhi_Central
925,8765432109,6543210987,2024-01-10T10:30:00,854,Mobile-Mobile,Tower_Delhi_Central
926,8765432109,6543210987,2024-01-10T09:59:00,528,Mobile-Mobile,Tower_Delhi_Central
927,8765432109,6543210987,2024-01-10T01:47:00,1066,Mobile-Mobile,Tower_Delhi_Central
928,8765432109,6543210987,2024-01-10T17:28:00,34,Mobile-Mobile,Tower_Delhi_Central
929,8765432109,6543210987,2024-01-10T03:07:00,1096,Mobile-Mobile,Tower_UP_Kanpur
930,8765432109,6543210987,2024-01-10T23:51:00,235,Mobile-Mobile,Tower_Delhi_Central
931,7654321098,7123456789,2024-01-10T12:42:00,921,Mobile-Mobile,Tower_Mumbai_Central
932,7654321098,7123456789,2024-01-10T14:07:00,1184,Mobile-Mobile,Tower_UP_Kanpur
933,7654321098,7123456789,2024-01-10T10:39:00,1126,Mobile-Mobile,Tower_UP_Kanpur
934,7654321098,7123456789,2024-01-10T15:29:00,983,Mobile-Mobile,Tower_UP_Kanpur
935,7654321098,7123456789,2024-01-10T21:06:00,823,Mobile-Mobile,Tower_Delhi_Central
936,7654321098,7123456789,2024-01-10T01:28:00,516,Mobile-Mobile,Tower_Bangalore
937,7654321098,7123456789,2024-01-10T19:22:00,768,Mobile-Mobile,Tower_Delhi_Central
938,7654321098,7123456789,2024-01-10T03:57:00,542,Mobile-Mobile,Tower_Delhi_Central
939,7654321098,7123456789,2024-01-10T03:41:00,175,Mobile-Mobile,Tower_Bangalore
940,7654321098,7123456789,2024-01-10T01:37:00,438,Mobile-Mobile,Tower_Mumbai_Central
941,7654321098,7123456789,2024-01-10T02:35:00,697,Mobile-Mobile,Tower_Delhi_Central
942,7654321098,7123456789,2024-01-10T20:06:00,1005,Mobile-Mobile,Tower_Bangalore
943,7654321098,7123456789,2024-01-10T16:10:00,1153,Mobile-Mobile,Tower_Mumbai_Central
944,7123456789,7654321098,2024-01-10T01:05:00,330,Mobile-Mobile,Tower_Delhi_Central
945,7123456789,7654321098,2024-01-10T11:36:00,352,Mobile-Mobile,Tower_UP_Kanpur
946,7123456789,7654321098,2024-01-10T01:36:00,1100,Mobile-Mobile,Tower_UP_Kanpur
947,7123456789,7654321098,2024-01-10T09:18:00,112,Mobile-Mobile,Tower_Mumbai_Central
948,7123456789,7654321098,2024-01-10T01:59:00,141,Mobile-Mobile,Tower_Delhi_Central
949,7123456789,7654321098,2024-01-10T03:56:00,898,Mobile-Mobile,Tower_Bangalore
950,7123456789,7654321098,2024-01-10T21:42:00,1112,Mobile-Mobile,Tower_Bangalore
951,7123456789,7654321098,2024-01-10T13:01:00,1141,Mobile-Mobile,Tower_UP_Kanpur
952,7123456789,7654321098,2024-01-10T03:19:00,356,Mobile-Mobile,Tower_UP_Kanpur
953,7123456789,7654321098,2024-01-10T11:02:00,279,Mobile-Mobile,Tower_Delhi_Central
954,7123456789,7654321098,2024-01-10T11:08:00,280,Mobile-Mobile,Tower_Delhi_Central
955,7123456789,7654321098,2024-01-10T12:49:00,541,Mobile-Mobile,Tower_UP_Kanpur
956,7123456789,7654321098,2024-01-10T02:16:00,328,Mobile-Mobile,Tower_Bangalore
957,7123456789,7654321098,2024-01-10T01:57:00,209,Mobile-Mobile,Tower_Bangalore
958,7123456789,7654321098,2024-01-10T23:51:00,1109,Mobile-Mobile,Tower_UP_Kanpur
959,7123456789,7654321098,2024-01-10T09:30:00,865,Mobile-Mobile,Tower_Mumbai_Central
960,7123456789,7654321098,2024-01-10T15:21:00,155,Mobile-Mobile,Tower_UP_Kanpur
961,7123456789,7654321098,2024-01-10T13:02:00,824,Mobile-Mobile,Tower_Bangalore
962,6543210987,6234567890,2024-01-10T20:21:00,1012,Mobile-Mobile,Tower_Mumbai_Central
963,6543210987,6234567890,2024-01-10T01:12:00,737,Mobile-Mobile,Tower_Mumbai_Central
964,6543210987,6234567890,2024-01-10T15:33:00,1109,Mobile-Mobile,Tower_Mumbai_Central
965,6543210987,6234567890,2024-01-10T10:33:00,666,Mobile-Mobile,Tower_Mumbai_Central
966,6543210987,6234567890,2024-01-10T09:59:00,428,Mobile-Mobile,Tower_Bangalore
967,6543210987,6234567890,2024-01-10T20:28:00,517,Mobile-Mobile,Tower_Bangalore
968,6543210987,6234567890,2024-01-10T01:54:00,248,Mobile-Mobile,Tower_Mumbai_Central
969,6543210987,6234567890,2024-01-10T18:38:00,1072,Mobile-Mobile,Tower_Bangalore
970,6543210987,6234567890,2024-01-10T14:56:00,1145,Mobile-Mobile,Tower_UP_Kanpur
971,9876543210,9123456789,2024-01-11T16:15:00,192,Mobile-Mobile,Tower_UP_Kanpur
972,9876543210,9123456789,2024-01-11T19:48:00,140,Mobile-Mobile,Tower_Mumbai_Central
973,9876543210,9123456789,2024-01-11T15:02:00,1026,Mobile-Mobile,Tower_Bangalore
974,9876543210,9123456789,2024-01-11T12:47:00,989,Mobile-Mobile,Tower_Delhi_Central
975,9876543210,9123456789,2024-01-11T15:30:00,161,Mobile-Mobile,Tower_Mumbai_Central
976,9876543210,9123456789,2024-01-11T03:39:00,1102,Mobile-Mobile,Tower_Delhi_Central
977,9876543210,9123456789,2024-01-11T17:56:00,460,Mobile-Mobile,Tower_Bangalore
978,9876543210,8765432109,2024-01-11T15:08:00,1182,Mobile-Mobile,Tower_UP_Kanpur
979,9876543210,8765432109,2024-01-11T11:34:00,485,Mobile-Mobile,Tower_Bangalore
980,9876543210,8765432109,2024-01-11T15:55:00,1032,Mobile-Mobile,Tower_Mumbai_Central
981,9876543210,8765432109,2024-01-11T18:02:00,50,Mobile-Mobile,Tower_UP_Kanpur
982,9876543210,7654321098,2024-01-11T11:47:00,1131,Mobile-Mobile,Tower_Delhi_Central
983,9876543210,7654321098,2024-01-11T03:31:00,599,Mobile-Mobile,Tower_UP_Kanpur
984,9876543210,7654321098,2024-01-11T03:33:00,577,Mobile-Mobile,Tower_Bangalore
985,9123456789,9876543210,2024-01-11T18:51:00,1193,Mobile-Mobile,Tower_Mumbai_Central
986,9123456789,9876543210,2024-01-11T19:31:00,654,Mobile-Mobile,Tower_UP_Kanpur
987,9123456789,9876543210,2024-01-11T20:23:00,959,Mobile-Mobile,Tower_Bangalore
988,9123456789,9876543210,2024-01-11T19:16:00,765,Mobile-Mobile,Tower_Bangalore
989,9123456789,9876543210,2024-01-11T23:54:00,690,Mobile-Mobile,Tower_Bangalore
990,9123456789,9876543210,2024-01-11T13:25:00,425,Mobile-Mobile,Tower_Mumbai_Central
991,9123456789,9876543210,2024-01-11T12:05:00,941,Mobile-Mobile,Tower_Bangalore
992,9012345678,9876543210,2024-01-11T01:10:00,207,Mobile-Mobile,Tower_Mumbai_Central
993,9012345678,9876543210,2024-01-11T09:07:00,550,Mobile-Mobile,Tower_UP_Kanpur
994,9012345678,9876543210,2024-01-11T03:24:00,359,Mobile-Mobile,Tower_UP_Kanpur
995,9012345678,9876543210,2024-01-11T23:49:00,286,Mobile-Mobile,Tower_Delhi_Central
996,9012345678,9876543210,2024-01-11T13:28:00,1020,Mobile-Mobile,Tower_Delhi_Central
997,9012345678,9876543210,2024-01-11T11:09:00,274,Mobile-Mobile,Tower_Bangalore
998,9012345678,9876543210,2024-01-11T19:29:00,140,Mobile-Mobile,Tower_Mumbai_Central
999,9012345678,9876543210,2024-01-11T02:47:00,618,Mobile-Mobile,Tower_UP_Kanpur
1000,8765432109,8912345678,2024-01-11T09:05:00,168,Mobile-Mobile,Tower_UP_Kanpur
1001,8765432109,8912345678,2024-01-11T02:25:00,128,Mobile-Mobile,Tower_Bangalore
1002,8765432109,8912345678,2024-01-11T02:05:00,428,Mobile-Mobile,Tower_Mumbai_Central
1003,8765432109,8912345678,2024-01-11T18:37:00,111,Mobile-Mobile,Tower_Mumbai_Central
1004,8765432109,8912345678,2024-01-11T02:59:00,629,Mobile-Mobile,Tower_Mumbai_Central
1005,8765432109,8912345678,2024-01-11T13:35:00,148,Mobile-Mobile,Tower_Bangalore
1006,8765432109,8912345678,2024-01-11T12:19:00,46,Mobile-Mobile,Tower_Bangalore
1007,8765432109,8912345678,2024-01-11T03:07:00,887,Mobile-Mobile,Tower_Bangalore
1008,8765432109,6543210987,2024-01-11T14:54:00,57,Mobile-Mobile,Tower_UP_Kanpur
1009,8765432109,6543210987,2024-01-11T16:36:00,223,Mobile-Mobile,Tower_UP_Kanpur
1010,8765432109,6543210987,2024-01-11T12:48:00,1007,Mobile-Mobile,Tower_Delhi_Central
1011,8765432109,6543210987,2024-01-11T02:56:00,437,Mobile-Mobile,Tower_Mumbai_Central
1012,8765432109,6543210987,2024-01-11T15:20:00,183,Mobile-Mobile,Tower_UP_Kanpur
1013,8765432109,6543210987,2024-01-11T13:05:00,1150,Mobile-Mobile,Tower_Bangalore
1014,8765432109,6543210987,2024-01-11T01:58:00,329,Mobile-Mobile,Tower_Mumbai_Central
1015,8765432109,6543210987,2024-01-11T13:54:00,309,Mobile-Mobile,Tower_UP_Kanpur
1016,8765432109,6543210987,2024-01-11T18:54:00,843,Mobile-Mobile,Tower_Bangalore
1017,7654321098,7123456789,2024-01-11T10:14:00,206,Mobile-Mobile,Tower_Mumbai_Central
1018,7654321098,7123456789,2024-01-11T23:48:00,655,Mobile-Mobile,Tower_Mumbai_Central
1019,7654321098,7123456789,2024-01-11T10:02:00,800,Mobile-Mobile,Tower_Bangalore
1020,7654321098,7123456789,2024-01-11T13:10:00,254,Mobile-Mobile,Tower_Bangalore
1021,7654321098,7123456789,2024-01-11T09:42:00,43,Mobile-Mobile,Tower_Bangalore
1022,7654321098,7123456789,2024-01-11T12:09:00,287,Mobile-Mobile,Tower_Mumbai_Central
1023,7654321098,7123456789,2024-01-11T03:55:00,366,Mobile-Mobile,Tower_Bangalore
1024,7654321098,7123456789,2024-01-11T09:34:00,902,Mobile-Mobile,Tower_Mumbai_Central
1025,7654321098,7123456789,2024-01-11T19:43:00,965,Mobile-Mobile,Tower_UP_Kanpur
1026,7654321098,7123456789,2024-01-11T16:09:00,285,Mobile-Mobile,Tower_Bangalore
1027,7654321098,7123456789,2024-01-11T20:52:00,888,Mobile-Mobile,Tower_Bangalore
1028,7654321098,7123456789,2024-01-11T01:56:00,49,Mobile-Mobile,Tower_Mumbai_Central
1029,7654321098,7123456789,2024-01-11T03:51:00,636,Mobile-Mobile,Tower_UP_Kanpur
1030,7123456789,7654321098,2024-01-11T10:10:00,366,Mobile-Mobile,Tower_Bangalore
1031,7123456789,7654321098,2024-01-11T09:22:00,770,Mobile-Mobile,Tower_Mumbai_Central
1032,7123456789,7654321098,2024-01-11T09:38:00,563,Mobile-Mobile,Tower_Delhi_Central
1033,7123456789,7654321098,2024-01-11T21:27:00,1093,Mobile-Mobile,Tower_Bangalore
1034,7123456789,7654321098,2024-01-11T01:25:00,620,Mobile-Mobile,Tower_Bangalore
1035,7123456789,7654321098,2024-01-11T23:25:00,309,Mobile-Mobile,Tower_Mumbai_Central
1036,7123456789,7654321098,2024-01-11T21:37:00,468,Mobile-Mobile,Tower_Delhi_Central
1037,7123456789,7654321098,2024-01-11T01:33:00,627,Mobile-Mobile,Tower_UP_Kanpur
1038,7123456789,7654321098,2024-01-11T01:17:00,899,Mobile-Mobile,Tower_Bangalore
1039,7123456789,7654321098,2024-01-11T01:27:00,899,Mobile-Mobile,Tower_Mumbai_Central
1040,7123456789,7654321098,2024-01-11T01:00:00,521,Mobile-Mobile,Tower_Bangalore
1041,7123456789,7654321098,2024-01-11T12:42:00,455,Mobile-Mobile,Tower_UP_Kanpur
1042,7123456789,7654321098,2024-01-11T17:31:00,694,Mobile-Mobile,Tower_Mumbai_Central
1043,6543210987,6234567890,2024-01-11T23:18:00,725,Mobile-Mobile,Tower_Delhi_Central
1044,6543210987,6234567890,2024-01-11T09:39:00,204,Mobile-Mobile,Tower_Mumbai_Central
1045,6543210987,6234567890,2024-01-11T10:49:00,1037,Mobile-Mobile,Tower_Mumbai_Central
1046,6543210987,6234567890,2024-01-11T03:33:00,268,Mobile-Mobile,Tower_Delhi_Central
1047,6543210987,6234567890,2024-01-11T01:13:00,804,Mobile-Mobile,Tower_Bangalore
1048,6543210987,6234567890,2024-01-11T15:01:00,878,Mobile-Mobile,Tower_Mumbai_Central
1049,6543210987,6234567890,2024-01-11T17:21:00,302,Mobile-Mobile,Tower_UP_Kanpur
1050,6543210987,6234567890,2024-01-11T02:56:00,279,Mobile-Mobile,Tower_Mumbai_Central
1051,6543210987,6234567890,2024-01-11T13:49:00,670,Mobile-Mobile,Tower_Delhi_Central
1052,9876543210,9123456789,2024-01-12T23:25:00,572,Mobile-Mobile,Tower_Delhi_Central
1053,9876543210,9123456789,2024-01-12T09:50:00,755,Mobile-Mobile,Tower_Mumbai_Central
1054,9876543210,9123456789,2024-01-12T17:00:00,851,Mobile-Mobile,Tower_UP_Kanpur
1055,9876543210,9123456789,2024-01-12T14:19:00,324,Mobile-Mobile,Tower_UP_Kanpur
1056,9876543210,9123456789,2024-01-12T23:32:00,835,Mobile-Mobile,Tower_UP_Kanpur
1057,9876543210,9123456789,2024-01-12T01:28:00,659,Mobile-Mobile,Tower_Bangalore
1058,9876543210,9123456789,2024-01-12T18:06:00,553,Mobile-Mobile,Tower_Mumbai_Central
1059,9876543210,8765432109,2024-01-12T11:23:00,514,Mobile-Mobile,Tower_Mumbai_Central
1060,9876543210,8765432109,2024-01-12T21:45:00,820,Mobile-Mobile,Tower_Bangalore
1061,9876543210,8765432109,2024-01-12T18:22:00,1199,Mobile-Mobile,Tower_Bangalore
1062,9876543210,8765432109,2024-01-12T09:30:00,480,Mobile-Mobile,Tower_Bangalore
1063,9876543210,8765432109,2024-01-12T09:25:00,61,Mobile-Mobile,Tower_UP_Kanpur
1064,9876543210,7654321098,2024-01-12T02:02:00,880,Mobile-Mobile,Tower_UP_Kanpur
1065,9876543210,7654321098,2024-01-12T13:35:00,842,Mobile-Mobile,Tower_Bangalore
1066,9876543210,7654321098,2024-01-12T18:03:00,981,Mobile-Mobile,Tower_UP_Kanpur
1067,9876543210,7654321098,2024-01-12T01:02:00,787,Mobile-Mobile,Tower_UP_Kanpur
1068,9876543210,7654321098,2024-01-12T02:42:00,34,Mobile-Mobile,Tower_Mumbai_Central
1069,9123456789,9876543210,2024-01-12T10:04:00,845,Mobile-Mobile,Tower_Bangalore
1070,9123456789,9876543210,2024-01-12T23:15:00,532,Mobile-Mobile,Tower_Bangalore
1071,9123456789,9876543210,2024-01-12T12:27:00,543,Mobile-Mobile,Tower_Bangalore
1072,9123456789,9876543210,2024-01-12T03:44:00,664,Mobile-Mobile,Tower_UP_Kanpur
1073,9123456789,9876543210,2024-01-12T23:38:00,417,Mobile-Mobile,Tower_UP_Kanpur
1074,9123456789,9876543210,2024-01-12T18:18:00,1107,Mobile-Mobile,Tower_Delhi_Central
1075,9123456789,9876543210,2024-01-12T09:57:00,146,Mobile-Mobile,Tower_UP_Kanpur
1076,9123456789,9876543210,2024-01-12T16:15:00,1162,Mobile-Mobile,Tower_UP_Kanpur
1077,9123456789,9876543210,2024-01-12T01:27:00,47,Mobile-Mobile,Tower_Mumbai_Central
1078,9012345678,9876543210,2024-01-12T01:47:00,194,Mobile-Mobile,Tower_Bangalore
1079,9012345678,9876543210,2024-01-12T03:47:00,650,Mobile-Mobile,Tower_UP_Kanpur
1080,9012345678,9876543210,2024-01-12T02:01:00,456,Mobile-Mobile,Tower_UP_Kanpur
1081,9012345678,9876543210,2024-01-12T09:26:00,508,Mobile-Mobile,Tower_Bangalore
1082,9012345678,9876543210,2024-01-12T13:52:00,1101,Mobile-Mobile,Tower_Mumbai_Central
1083,9012345678,9876543210,2024-01-12T02:27:00,166,Mobile-Mobile,Tower_Delhi_Central
1084,9012345678,9876543210,2024-01-12T15:56:00,297,Mobile-Mobile,Tower_Delhi_Central
1085,9012345678,9876543210,2024-01-12T20:24:00,1138,Mobile-Mobile,Tower_Delhi_Central
1086,9012345678,9876543210,2024-01-12T12:08:00,1086,Mobile-Mobile,Tower_Delhi_Central
1087,8765432109,8912345678,2024-01-12T18:22:00,194,Mobile-Mobile,Tower_UP_Kanpur
1088,8765432109,8912345678,2024-01-12T12:15:00,441,Mobile-Mobile,Tower_Mumbai_Central
1089,8765432109,8912345678,2024-01-12T19:22:00,854,Mobile-Mobile,Tower_Bangalore
1090,8765432109,8912345678,2024-01-12T16:19:00,301,Mobile-Mobile,Tower_UP_Kanpur
1091,8765432109,8912345678,2024-01-12T17:04:00,846,Mobile-Mobile,Tower_Bangalore
1092,8765432109,8912345678,2024-01-12T01:41:00,308,Mobile-Mobile,Tower_Bangalore
1093,8765432109,8912345678,2024-01-12T16:00:00,867,Mobile-Mobile,Tower_UP_Kanpur
1094,8765432109,8912345678,2024-01-12T11:21:00,1005,Mobile-Mobile,Tower_Bangalore
1095,8765432109,8912345678,2024-01-12T18:07:00,574,Mobile-Mobile,Tower_Delhi_Central
1096,8765432109,6543210987,2024-01-12T19:47:00,1082,Mobile-Mobile,Tower_UP_Kanpur
1097,8765432109,6543210987,2024-01-12T03:27:00,740,Mobile-Mobile,Tower_UP_Kanpur
1098,8765432109,6543210987,2024-01-12T21:39:00,792,Mobile-Mobile,Tower_UP_Kanpur
1099,8765432109,6543210987,2024-01-12T19:41:00,480,Mobile-Mobile,Tower_Bangalore
1100,8765432109,6543210987,2024-01-12T23:43:00,528,Mobile-Mobile,Tower_Mumbai_Central
1101,8765432109,6543210987,2024-01-12T23:12:00,121,Mobile-Mobile,Tower_Bangalore
1102,7654321098,7123456789,2024-01-12T12:23:00,711,Mobile-Mobile,Tower_Bangalore
1103,7654321098,7123456789,2024-01-12T15:17:00,451,Mobile-Mobile,Tower_Mumbai_Central
1104,7654321098,7123456789,2024-01-12T19:28:00,352,Mobile-Mobile,Tower_Mumbai_Central
1105,7654321098,7123456789,2024-01-12T19:59:00,78,Mobile-Mobile,Tower_Bangalore
1106,7654321098,7123456789,2024-01-12T02:26:00,731,Mobile-Mobile,Tower_UP_Kanpur
1107,7654321098,7123456789,2024-01-12T11:25:00,1141,Mobile-Mobile,Tower_Bangalore
1108,7654321098,7123456789,2024-01-12T17:20:00,1025,Mobile-Mobile,Tower_Mumbai_Central
1109,7654321098,7123456789,2024-01-12T21:34:00,632,Mobile-Mobile,Tower_UP_Kanpur
1110,7654321098,7123456789,2024-01-12T03:21:00,217,Mobile-Mobile,Tower_Delhi_Central
1111,7654321098,7123456789,2024-01-12T19:02:00,248,Mobile-Mobile,Tower_UP_Kanpur
1112,7654321098,7123456789,2024-01-12T17:29:00,450,Mobile-Mobile,Tower_Delhi_Central
1113,7654321098,7123456789,2024-01-12T02:46:00,1194,Mobile-Mobile,Tower_Delhi_Central
1114,7654321098,7123456789,2024-01-12T11:46:00,778,Mobile-Mobile,Tower_UP_Kanpur
1115,7654321098,7123456789,2024-01-12T23:25:00,376,Mobile-Mobile,Tower_Mumbai_Central
1116,7654321098,7123456789,2024-01-12T23:39:00,1181,Mobile-Mobile,Tower_UP_Kanpur
1117,7654321098,7123456789,2024-01-12T12:22:00,632,Mobile-Mobile,Tower_UP_Kanpur
1118,7123456789,7654321098,2024-01-12T15:11:00,81,Mobile-Mobile,Tower_Mumbai_Central
1119,7123456789,7654321098,2024-01-12T14:35:00,691,Mobile-Mobile,Tower_UP_Kanpur
1120,7123456789,7654321098,2024-01-12T09:19:00,226,Mobile-Mobile,Tower_Delhi_Central
1121,7123456789,7654321098,2024-01-12T23:24:00,898,Mobile-Mobile,Tower_Mumbai_Central
1122,7123456789,7654321098,2024-01-12T15:46:00,829,Mobile-Mobile,Tower_Mumbai_Central
1123,7123456789,7654321098,2024-01-12T01:51:00,334,Mobile-Mobile,Tower_UP_Kanpur
1124,7123456789,7654321098,2024-01-12T20:56:00,133,Mobile-Mobile,Tower_Mumbai_Central
1125,7123456789,7654321098,2024-01-12T14:27:00,983,Mobile-Mobile,Tower_UP_Kanpur
1126,7123456789,7654321098,2024-01-12T21:21:00,961,Mobile-Mobile,Tower_Delhi_Central
1127,7123456789,7654321098,2024-01-12T10:48:00,663,Mobile-Mobile,Tower_Bangalore
1128,7123456789,7654321098,2024-01-12T14:13:00,1126,Mobile-Mobile,Tower_UP_Kanpur
1129,7123456789,7654321098,2024-01-12T15:06:00,240,Mobile-Mobile,Tower_Delhi_Central
1130,7123456789,7654321098,2024-01-12T12:25:00,708,Mobile-Mobile,Tower_UP_Kanpur
1131,7123456789,7654321098,2024-01-12T01:01:00,830,Mobile-Mobile,Tower_Mumbai_Central
1132,7123456789,7654321098,2024-01-12T18:44:00,918,Mobile-Mobile,Tower_Mumbai_Central
1133,7123456789,7654321098,2024-01-12T12:00:00,651,Mobile-Mobile,Tower_UP_Kanpur
1134,7123456789,7654321098,2024-01-12T23:28:00,1188,Mobile-Mobile,Tower_Mumbai_Central
1135,7123456789,7654321098,2024-01-12T23:13:00,847,Mobile-Mobile,Tower_Mumbai_Central
1136,6543210987,6234567890,2024-01-12T01:34:00,464,Mobile-Mobile,Tower_UP_Kanpur
1137,6543210987,6234567890,2024-01-12T15:44:00,1106,Mobile-Mobile,Tower_Bangalore
1138,6543210987,6234567890,2024-01-12T01:29:00,239,Mobile-Mobile,Tower_Delhi_Central
1139,6543210987,6234567890,2024-01-12T17:33:00,78,Mobile-Mobile,Tower_UP_Kanpur
1140,6543210987,6234567890,2024-01-12T17:13:00,380,Mobile-Mobile,Tower_Delhi_Central
1141,6543210987,6234567890,2024-01-12T18:41:00,774,Mobile-Mobile,Tower_Bangalore
1142,6543210987,6234567890,2024-01-12T18:04:00,431,Mobile-Mobile,Tower_Bangalore
1143,9876543210,9123456789,2024-01-13T15:52:00,277,Mobile-Mobile,Tower_Delhi_Central
1144,9876543210,9123456789,2024-01-13T01:08:00,403,Mobile-Mobile,Tower_Mumbai_Central
1145,9876543210,9123456789,2024-01-13T15:34:00,798,Mobile-Mobile,Tower_UP_Kanpur
1146,9876543210,9123456789,2024-01-13T19:09:00,338,Mobile-Mobile,Tower_Bangalore
1147,9876543210,9123456789,2024-01-13T23:51:00,376,Mobile-Mobile,Tower_Delhi_Central
1148,9876543210,9123456789,2024-01-13T20:43:00,772,Mobile-Mobile,Tower_Mumbai_Central
1149,9876543210,9123456789,2024-01-13T19:14:00,980,Mobile-Mobile,Tower_Delhi_Central
1150,9876543210,9123456789,2024-01-13T17:00:00,483,Mobile-Mobile,Tower_Delhi_Central
1151,9876543210,8765432109,2024-01-13T20:32:00,1030,Mobile-Mobile,Tower_Delhi_Central
1152,9876543210,8765432109,2024-01-13T10:05:00,445,Mobile-Mobile,Tower_Bangalore
1153,9876543210,8765432109,2024-01-13T18:33:00,720,Mobile-Mobile,Tower_UP_Kanpur
1154,9876543210,8765432109,2024-01-13T23:37:00,218,Mobile-Mobile,Tower_Delhi_Central
1155,9876543210,8765432109,2024-01-13T23:18:00,55,Mobile-Mobile,Tower_UP_Kanpur
1156,9876543210,8765432109,2024-01-13T12:03:00,484,Mobile-Mobile,Tower_Mumbai_Central
1157,9876543210,7654321098,2024-01-13T23:51:00,749,Mobile-Mobile,Tower_Bangalore
1158,9876543210,7654321098,2024-01-13T13:11:00,218,Mobile-Mobile,Tower_Delhi_Central
1159,9876543210,7654321098,2024-01-13T02:22:00,655,Mobile-Mobile,Tower_Bangalore
1160,9876543210,7654321098,2024-01-13T03:20:00,958,Mobile-Mobile,Tower_Bangalore
1161,9123456789,9876543210,2024-01-13T19:26:00,558,Mobile-Mobile,Tower_UP_Kanpur
1162,9123456789,9876543210,2024-01-13T11:45:00,477,Mobile-Mobile,Tower_Mumbai_Central
1163,9123456789,9876543210,2024-01-13T15:54:00,296,Mobile-Mobile,Tower_Bangalore
1164,9123456789,9876543210,2024-01-13T18:47:00,321,Mobile-Mobile,Tower_Mumbai_Central
1165,9123456789,9876543210,2024-01-13T16:02:00,399,Mobile-Mobile,Tower_Delhi_Central
1166,9123456789,9876543210,2024-01-13T14:58:00,773,Mobile-Mobile,Tower_UP_Kanpur
1167,9012345678,9876543210,2024-01-13T03:54:00,128,Mobile-Mobile,Tower_Mumbai_Central
1168,9012345678,9876543210,2024-01-13T17:36:00,174,Mobile-Mobile,Tower_UP_Kanpur
1169,9012345678,9876543210,2024-01-13T13:57:00,381,Mobile-Mobile,Tower_Bangalore
1170,9012345678,9876543210,2024-01-13T14:49:00,507,Mobile-Mobile,Tower_Mumbai_Central
1171,8765432109,8912345678,2024-01-13T16:34:00,927,Mobile-Mobile,Tower_Bangalore
1172,8765432109,8912345678,2024-01-13T02:09:00,121,Mobile-Mobile,Tower_Delhi_Central
1173,8765432109,8912345678,2024-01-13T23:34:00,890,Mobile-Mobile,Tower_Mumbai_Central
1174,8765432109,8912345678,2024-01-13T21:58:00,833,Mobile-Mobile,Tower_UP_Kanpur
1175,8765432109,8912345678,2024-01-13T02:07:00,492,Mobile-Mobile,Tower_Bangalore
1176,8765432109,8912345678,2024-01-13T09:02:00,362,Mobile-Mobile,Tower_Bangalore
1177,8765432109,8912345678,2024-01-13T20:54:00,237,Mobile-Mobile,Tower_Mumbai_Central
1178,8765432109,8912345678,2024-01-13T02:50:00,1164,Mobile-Mobile,Tower_Delhi_Central
1179,8765432109,8912345678,2024-01-13T18:56:00,401,Mobile-Mobile,Tower_Delhi_Central
1180,8765432109,8912345678,2024-01-13T12:19:00,380,Mobile-Mobile,Tower_Mumbai_Central
1181,8765432109,8912345678,2024-01-13T23:32:00,1082,Mobile-Mobile,Tower_Mumbai_Central
1182,8765432109,8912345678,2024-01-13T18:02:00,1037,Mobile-Mobile,Tower_Mumbai_Central
1183,8765432109,6543210987,2024-01-13T17:50:00,810,Mobile-Mobile,Tower_UP_Kanpur
1184,8765432109,6543210987,2024-01-13T20:12:00,447,Mobile-Mobile,Tower_Bangalore
1185,8765432109,6543210987,2024-01-13T15:28:00,1030,Mobile-Mobile,Tower_Delhi_Central
1186,8765432109,6543210987,2024-01-13T13:49:00,627,Mobile-Mobile,Tower_Mumbai_Central
1187,8765432109,6543210987,2024-01-13T03:04:00,372,Mobile-Mobile,Tower_Delhi_Central
1188,8765432109,6543210987,2024-01-13T17:55:00,107,Mobile-Mobile,Tower_UP_Kanpur
1189,8765432109,6543210987,2024-01-13T09:09:00,212,Mobile-Mobile,Tower_UP_Kanpur
1190,8765432109,6543210987,2024-01-13T23:44:00,450,Mobile-Mobile,Tower_Bangalore
1191,8765432109,6543210987,2024-01-13T17:42:00,49,Mobile-Mobile,Tower_Bangalore
1192,7654321098,7123456789,2024-01-13T01:12:00,789,Mobile-Mobile,Tower_Delhi_Central
1193,7654321098,7123456789,2024-01-13T17:18:00,992,Mobile-Mobile,Tower_Mumbai_Central
1194,7654321098,7123456789,2024-01-13T01:55:00,755,Mobile-Mobile,Tower_UP_Kanpur
1195,7654321098,7123456789,2024-01-13T10:54:00,576,Mobile-Mobile,Tower_UP_Kanpur
1196,7654321098,7123456789,2024-01-13T14:24:00,814,Mobile-Mobile,Tower_Mumbai_Central
1197,7654321098,7123456789,2024-01-13T10:09:00,419,Mobile-Mobile,Tower_Bangalore
1198,7654321098,7123456789,2024-01-13T11:37:00,775,Mobile-Mobile,Tower_UP_Kanpur
1199,7654321098,7123456789,2024-01-13T19:15:00,542,Mobile-Mobile,Tower_Bangalore
1200,7654321098,7123456789,2024-01-13T19:57:00,474,Mobile-Mobile,Tower_Delhi_Central
1201,7654321098,7123456789,2024-01-13T20:03:00,632,Mobile-Mobile,Tower_Delhi_Central
1202,7654321098,7123456789,2024-01-13T01:58:00,1192,Mobile-Mobile,Tower_Bangalore
1203,7654321098,7123456789,2024-01-13T18:56:00,793,Mobile-Mobile,Tower_Bangalore
1204,7654321098,7123456789,2024-01-13T20:27:00,248,Mobile-Mobile,Tower_UP_Kanpur
1205,7654321098,7123456789,2024-01-13T21:04:00,289,Mobile-Mobile,Tower_Delhi_Central
1206,7654321098,7123456789,2024-01-13T03:23:00,328,Mobile-Mobile,Tower_Delhi_Central
1207,7654321098,7123456789,2024-01-13T17:11:00,530,Mobile-Mobile,Tower_UP_Kanpur
1208,7123456789,7654321098,2024-01-13T17:12:00,192,Mobile-Mobile,Tower_Bangalore
1209,7123456789,7654321098,2024-01-13T16:04:00,33,Mobile-Mobile,Tower_UP_Kanpur
1210,7123456789,7654321098,2024-01-13T03:50:00,374,Mobile-Mobile,Tower_UP_Kanpur
1211,7123456789,7654321098,2024-01-13T23:31:00,137,Mobile-Mobile,Tower_UP_Kanpur
1212,7123456789,7654321098,2024-01-13T23:33:00,662,Mobile-Mobile,Tower_Mumbai_Central
1213,7123456789,7654321098,2024-01-13T17:43:00,1052,Mobile-Mobile,Tower_Mumbai_Central
1214,7123456789,7654321098,2024-01-13T23:47:00,185,Mobile-Mobile,Tower_Bangalore
1215,7123456789,7654321098,2024-01-13T16:34:00,877,Mobile-Mobile,Tower_Bangalore
1216,7123456789,7654321098,2024-01-13T11:29:00,217,Mobile-Mobile,Tower_Delhi_Central
1217,7123456789,7654321098,2024-01-13T02:47:00,1020,Mobile-Mobile,Tower_UP_Kanpur
1218,7123456789,7654321098,2024-01-13T10:38:00,656,Mobile-Mobile,Tower_UP_Kanpur
1219,7123456789,7654321098,2024-01-13T03:15:00,1084,Mobile-Mobile,Tower_Mumbai_Central
1220,7123456789,7654321098,2024-01-13T16:44:00,725,Mobile-Mobile,Tower_Delhi_Central
1221,6543210987,6234567890,2024-01-13T18:48:00,438,Mobile-Mobile,Tower_Bangalore
1222,6543210987,6234567890,2024-01-13T17:11:00,765,Mobile-Mobile,Tower_Mumbai_Central
1223,6543210987,6234567890,2024-01-13T03:43:00,980,Mobile-Mobile,Tower_Delhi_Central
1224,6543210987,6234567890,2024-01-13T16:10:00,962,Mobile-Mobile,Tower_Delhi_Central
1225,6543210987,6234567890,2024-01-13T14:56:00,1186,Mobile-Mobile,Tower_Mumbai_Central
1226,6543210987,6234567890,2024-01-13T15:45:00,409,Mobile-Mobile,Tower_UP_Kanpur
1227,6543210987,6234567890,2024-01-13T12:03:00,1033,Mobile-Mobile,Tower_Mumbai_Central
1228,6543210987,6234567890,2024-01-13T18:17:00,106,Mobile-Mobile,Tower_Delhi_Central
1229,9876543210,9123456789,2024-01-14T02:54:00,1176,Mobile-Mobile,Tower_Delhi_Central
1230,9876543210,9123456789,2024-01-14T19:44:00,1062,Mobile-Mobile,Tower_Mumbai_Central
1231,9876543210,9123456789,2024-01-14T09:52:00,655,Mobile-Mobile,Tower_Bangalore
1232,9876543210,9123456789,2024-01-14T14:29:00,422,Mobile-Mobile,Tower_Delhi_Central
1233,9876543210,9123456789,2024-01-14T01:33:00,664,Mobile-Mobile,Tower_Mumbai_Central
1234,9876543210,9123456789,2024-01-14T10:31:00,646,Mobile-Mobile,Tower_UP_Kanpur
1235,9876543210,9123456789,2024-01-14T01:13:00,740,Mobile-Mobile,Tower_Delhi_Central
1236,9876543210,8765432109,2024-01-14T12:50:00,518,Mobile-Mobile,Tower_Bangalore
1237,9876543210,8765432109,2024-01-14T21:20:00,366,Mobile-Mobile,Tower_Bangalore
1238,9876543210,8765432109,2024-01-14T01:46:00,613,Mobile-Mobile,Tower_Delhi_Central
1239,9876543210,8765432109,2024-01-14T15:59:00,1054,Mobile-Mobile,Tower_Mumbai_Central
1240,9876543210,7654321098,2024-01-14T23:42:00,1199,Mobile-Mobile,Tower_Bangalore
1241,9876543210,7654321098,2024-01-14T23:55:00,888,Mobile-Mobile,Tower_Mumbai_Central
1242,9876543210,7654321098,2024-01-14T01:19:00,647,Mobile-Mobile,Tower_UP_Kanpur
1243,9123456789,9876543210,2024-01-14T15:44:00,644,Mobile-Mobile,Tower_UP_Kanpur
1244,9123456789,9876543210,2024-01-14T12:27:00,360,Mobile-Mobile,Tower_UP_Kanpur
1245,9123456789,9876543210,2024-01-14T23:40:00,1129,Mobile-Mobile,Tower_Bangalore
1246,9123456789,9876543210,2024-01-14T21:03:00,734,Mobile-Mobile,Tower_UP_Kanpur
1247,9123456789,9876543210,2024-01-14T02:54:00,798,Mobile-Mobile,Tower_UP_Kanpur
1248,9123456789,9876543210,2024-01-14T12:56:00,280,Mobile-Mobile,Tower_Delhi_Central
1249,9123456789,9876543210,2024-01-14T02:35:00,684,Mobile-Mobile,Tower_Delhi_Central
1250,9012345678,9876543210,2024-01-14T17:52:00,219,Mobile-Mobile,Tower_Delhi_Central
1251,9012345678,9876543210,2024-01-14T02:46:00,712,Mobile-Mobile,Tower_UP_Kanpur
1252,9012345678,9876543210,2024-01-14T19:26:00,540,Mobile-Mobile,Tower_Bangalore
1253,9012345678,9876543210,2024-01-14T03:53:00,826,Mobile-Mobile,Tower_Mumbai_Central
1254,9012345678,9876543210,2024-01-14T09:23:00,638,Mobile-Mobile,Tower_Delhi_Central
1255,9012345678,9876543210,2024-01-14T11:34:00,983,Mobile-Mobile,Tower_Bangalore
1256,9012345678,9876543210,2024-01-14T02:02:00,599,Mobile-Mobile,Tower_Delhi_Central
1257,8765432109,8912345678,2024-01-14T14:17:00,247,Mobile-Mobile,Tower_Mumbai_Central
1258,8765432109,8912345678,2024-01-14T09:00:00,381,Mobile-Mobile,Tower_Mumbai_Central
1259,8765432109,8912345678,2024-01-14T11:28:00,166,Mobile-Mobile,Tower_Mumbai_Central
1260,8765432109,8912345678,2024-01-14T21:28:00,655,Mobile-Mobile,Tower_Mumbai_Central
1261,8765432109,8912345678,2024-01-14T09:04:00,62,Mobile-Mobile,Tower_UP_Kanpur
1262,8765432109,8912345678,2024-01-14T19:46:00,493,Mobile-Mobile,Tower_Mumbai_Central
1263,8765432109,8912345678,2024-01-14T17:57:00,224,Mobile-Mobile,Tower_UP_Kanpur
1264,8765432109,8912345678,2024-01-14T03:58:00,1062,Mobile-Mobile,Tower_UP_Kanpur
1265,8765432109,8912345678,2024-01-14T02:46:00,1193,Mobile-Mobile,Tower_Delhi_Central
1266,8765432109,8912345678,2024-01-14T02:04:00,495,Mobile-Mobile,Tower_UP_Kanpur
1267,8765432109,8912345678,2024-01-14T03:25:00,563,Mobile-Mobile,Tower_Bangalore
1268,8765432109,6543210987,2024-01-14T01:04:00,637,Mobile-Mobile,Tower_Mumbai_Central
1269,8765432109,6543210987,2024-01-14T19:51:00,661,Mobile-Mobile,Tower_Delhi_Central
1270,8765432109,6543210987,2024-01-14T19:48:00,1052,Mobile-Mobile,Tower_Delhi_Central
1271,8765432109,6543210987,2024-01-14T01:42:00,293,Mobile-Mobile,Tower_Mumbai_Central
1272,8765432109,6543210987,2024-01-14T13:23:00,661,Mobile-Mobile,Tower_UP_Kanpur
1273,8765432109,6543210987,2024-01-14T23:54:00,1066,Mobile-Mobile,Tower_UP_Kanpur
1274,8765432109,6543210987,2024-01-14T16:12:00,827,Mobile-Mobile,Tower_Mumbai_Central
1275,8765432109,6543210987,2024-01-14T18:07:00,917,Mobile-Mobile,Tower_Bangalore
1276,8765432109,6543210987,2024-01-14T11:13:00,849,Mobile-Mobile,Tower_Delhi_Central
1277,8765432109,6543210987,2024-01-14T23:29:00,1140,Mobile-Mobile,Tower_UP_Kanpur
1278,7654321098,7123456789,2024-01-14T03:43:00,514,Mobile-Mobile,Tower_Bangalore
1279,7654321098,7123456789,2024-01-14T17:44:00,1127,Mobile-Mobile,Tower_Bangalore
1280,7654321098,7123456789,2024-01-14T11:55:00,163,Mobile-Mobile,Tower_UP_Kanpur
1281,7654321098,7123456789,2024-01-14T13:41:00,702,Mobile-Mobile,Tower_Bangalore
1282,7654321098,7123456789,2024-01-14T12:58:00,325,Mobile-Mobile,Tower_Delhi_Central
1283,7654321098,7123456789,2024-01-14T23:55:00,757,Mobile-Mobile,Tower_Bangalore
1284,7654321098,7123456789,2024-01-14T14:43:00,852,Mobile-Mobile,Tower_UP_Kanpur
1285,7654321098,7123456789,2024-01-14T18:36:00,1118,Mobile-Mobile,Tower_UP_Kanpur
1286,7654321098,7123456789,2024-01-14T11:25:00,406,Mobile-Mobile,Tower_Bangalore
1287,7654321098,7123456789,2024-01-14T18:10:00,687,Mobile-Mobile,Tower_Delhi_Central
1288,7654321098,7123456789,2024-01-14T18:54:00,109,Mobile-Mobile,Tower_Bangalore
1289,7654321098,7123456789,2024-01-14T02:04:00,901,Mobile-Mobile,Tower_Delhi_Central
1290,7654321098,7123456789,2024-01-14T14:47:00,657,Mobile-Mobile,Tower_Mumbai_Central
1291,7654321098,7123456789,2024-01-14T18:15:00,678,Mobile-Mobile,Tower_Mumbai_Central
1292,7123456789,7654321098,2024-01-14T16:27:00,1105,Mobile-Mobile,Tower_Mumbai_Central
1293,7123456789,7654321098,2024-01-14T01:13:00,93,Mobile-Mobile,Tower_Mumbai_Central
1294,7123456789,7654321098,2024-01-14T12:42:00,937,Mobile-Mobile,Tower_Bangalore
1295,7123456789,7654321098,2024-01-14T17:11:00,623,Mobile-Mobile,Tower_Mumbai_Central
1296,7123456789,7654321098,2024-01-14T01:06:00,980,Mobile-Mobile,Tower_Mumbai_Central
1297,7123456789,7654321098,2024-01-14T11:46:00,522,Mobile-Mobile,Tower_Bangalore
1298,7123456789,7654321098,2024-01-14T01:54:00,914,Mobile-Mobile,Tower_UP_Kanpur
1299,7123456789,7654321098,2024-01-14T18:34:00,589,Mobile-Mobile,Tower_Delhi_Central
1300,7123456789,7654321098,2024-01-14T19:35:00,709,Mobile-Mobile,Tower_UP_Kanpur
1301,7123456789,7654321098,2024-01-14T17:02:00,778,Mobile-Mobile,Tower_Mumbai_Central
1302,7123456789,7654321098,2024-01-14T14:10:00,669,Mobile-Mobile,Tower_Bangalore
1303,7123456789,7654321098,2024-01-14T02:47:00,152,Mobile-Mobile,Tower_Bangalore
1304,7123456789,7654321098,2024-01-14T01:04:00,344,Mobile-Mobile,Tower_Delhi_Central
1305,7123456789,7654321098,2024-01-14T03:52:00,651,Mobile-Mobile,Tower_Bangalore
1306,7123456789,7654321098,2024-01-14T12:45:00,1183,Mobile-Mobile,Tower_Delhi_Central
1307,6543210987,6234567890,2024-01-14T02:47:00,1049,Mobile-Mobile,Tower_Mumbai_Central
1308,6543210987,6234567890,2024-01-14T11:44:00,1023,Mobile-Mobile,Tower_Bangalore
1309,6543210987,6234567890,2024-01-14T14:05:00,789,Mobile-Mobile,Tower_Bangalore
1310,6543210987,6234567890,2024-01-14T01:16:00,1017,Mobile-Mobile,Tower_Delhi_Central
1311,6543210987,6234567890,2024-01-14T15:36:00,179,Mobile-Mobile,Tower_Bangalore
1312,6543210987,6234567890,2024-01-14T19:16:00,646,Mobile-Mobile,Tower_Delhi_Central
1313,6543210987,6234567890,2024-01-14T23:38:00,499,Mobile-Mobile,Tower_UP_Kanpur
1314,6543210987,6234567890,2024-01-14T03:00:00,110,Mobile-Mobile,Tower_Mumbai_Central
1315,6543210987,6234567890,2024-01-14T01:31:00,199,Mobile-Mobile,Tower_UP_Kanpur
1316,6543210987,6234567890,2024-01-14T01:12:00,51,Mobile-Mobile,Tower_Delhi_Central
1317,6543210987,6234567890,2024-01-14T01:10:00,461,Mobile-Mobile,Tower_UP_Kanpur
1318,6543210987,6234567890,2024-01-14T09:59:00,294,Mobile-Mobile,Tower_Delhi_Central
1319,9876543210,9123456789,2024-01-15T01:46:00,535,Mobile-Mobile,Tower_Delhi_Central
1320,9876543210,9123456789,2024-01-15T01:37:00,838,Mobile-Mobile,Tower_Delhi_Central
1321,9876543210,9123456789,2024-01-15T21:09:00,909,Mobile-Mobile,Tower_Delhi_Central
1322,9876543210,9123456789,2024-01-15T18:12:00,872,Mobile-Mobile,Tower_Mumbai_Central
1323,9876543210,9123456789,2024-01-15T01:55:00,1113,Mobile-Mobile,Tower_Bangalore
1324,9876543210,9123456789,2024-01-15T13:01:00,881,Mobile-Mobile,Tower_Mumbai_Central
1325,9876543210,9123456789,2024-01-15T10:59:00,324,Mobile-Mobile,Tower_UP_Kanpur
1326,9876543210,9123456789,2024-01-15T11:31:00,77,Mobile-Mobile,Tower_Bangalore
1327,9876543210,8765432109,2024-01-15T03:35:00,603,Mobile-Mobile,Tower_Delhi_Central
1328,9876543210,8765432109,2024-01-15T11:47:00,430,Mobile-Mobile,Tower_Bangalore
1329,9876543210,8765432109,2024-01-15T02:35:00,268,Mobile-Mobile,Tower_Delhi_Central
1330,9876543210,8765432109,2024-01-15T13:41:00,243,Mobile-Mobile,Tower_Bangalore
1331,9876543210,7654321098,2024-01-15T02:53:00,879,Mobile-Mobile,Tower_Mumbai_Central
1332,9876543210,7654321098,2024-01-15T19:40:00,711,Mobile-Mobile,Tower_Mumbai_Central
1333,9876543210,7654321098,2024-01-15T18:03:00,333,Mobile-Mobile,Tower_UP_Kanpur
1334,9876543210,7654321098,2024-01-15T18:41:00,76,Mobile-Mobile,Tower_Bangalore
1335,9876543210,7654321098,2024-01-15T02:25:00,1113,Mobile-Mobile,Tower_UP_Kanpur
1336,9876543210,7654321098,2024-01-15T03:38:00,45,Mobile-Mobile,Tower_Bangalore
1337,9876543210,7654321098,2024-01-15T20:09:00,989,Mobile-Mobile,Tower_Mumbai_Central
1338,9876543210,7654321098,2024-01-15T19:24:00,172,Mobile-Mobile,Tower_Mumbai_Central
1339,9123456789,9876543210,2024-01-15T11:40:00,371,Mobile-Mobile,Tower_Bangalore
1340,9123456789,9876543210,2024-01-15T14:09:00,610,Mobile-Mobile,Tower_Delhi_Central
1341,9123456789,9876543210,2024-01-15T13:07:00,466,Mobile-Mobile,Tower_Bangalore
1342,9123456789,9876543210,2024-01-15T01:09:00,1017,Mobile-Mobile,Tower_Bangalore
1343,9123456789,9876543210,2024-01-15T11:17:00,684,Mobile-Mobile,Tower_UP_Kanpur
1344,9123456789,9876543210,2024-01-15T21:42:00,929,Mobile-Mobile,Tower_Delhi_Central
1345,9012345678,9876543210,2024-01-15T23:18:00,874,Mobile-Mobile,Tower_Mumbai_Central
1346,9012345678,9876543210,2024-01-15T01:30:00,137,Mobile-Mobile,Tower_Bangalore
1347,9012345678,9876543210,2024-01-15T03:06:00,553,Mobile-Mobile,Tower_UP_Kanpur
1348,9012345678,9876543210,2024-01-15T03:29:00,755,Mobile-Mobile,Tower_Mumbai_Central
1349,9012345678,9876543210,2024-01-15T01:18:00,298,Mobile-Mobile,Tower_UP_Kanpur
1350,9012345678,9876543210,2024-01-15T01:45:00,371,Mobile-Mobile,Tower_Mumbai_Central
1351,9012345678,9876543210,2024-01-15T10:43:00,434,Mobile-Mobile,Tower_Bangalore
1352,9012345678,9876543210,2024-01-15T19:17:00,595,Mobile-Mobile,Tower_UP_Kanpur
1353,8765432109,8912345678,2024-01-15T23:36:00,310,Mobile-Mobile,Tower_Bangalore
1354,8765432109,8912345678,2024-01-15T03:22:00,840,Mobile-Mobile,Tower_Delhi_Central
1355,8765432109,8912345678,2024-01-15T02:05:00,224,Mobile-Mobile,Tower_UP_Kanpur
1356,8765432109,8912345678,2024-01-15T21:35:00,505,Mobile-Mobile,Tower_Bangalore
1357,8765432109,8912345678,2024-01-15T03:08:00,193,Mobile-Mobile,Tower_Mumbai_Central
1358,8765432109,8912345678,2024-01-15T21:46:00,758,Mobile-Mobile,Tower_Mumbai_Central
1359,8765432109,8912345678,2024-01-15T18:29:00,857,Mobile-Mobile,Tower_Mumbai_Central
1360,8765432109,8912345678,2024-01-15T14:27:00,107,Mobile-Mobile,Tower_Mumbai_Central
1361,8765432109,8912345678,2024-01-15T03:14:00,796,Mobile-Mobile,Tower_UP_Kanpur
1362,8765432109,8912345678,2024-01-15T20:09:00,203,Mobile-Mobile,Tower_Delhi_Central
1363,8765432109,8912345678,2024-01-15T19:30:00,1158,Mobile-Mobile,Tower_Delhi_Central
1364,8765432109,8912345678,2024-01-15T03:12:00,63,Mobile-Mobile,Tower_Delhi_Central
1365,8765432109,6543210987,2024-01-15T03:07:00,1005,Mobile-Mobile,Tower_UP_Kanpur
1366,8765432109,6543210987,2024-01-15T15:48:00,432,Mobile-Mobile,Tower_UP_Kanpur
1367,8765432109,6543210987,2024-01-15T03:31:00,274,Mobile-Mobile,Tower_Mumbai_Central
1368,8765432109,6543210987,2024-01-15T12:03:00,754,Mobile-Mobile,Tower_Bangalore
1369,8765432109,6543210987,2024-01-15T20:30:00,577,Mobile-Mobile,Tower_Delhi_Central
1370,8765432109,6543210987,2024-01-15T23:20:00,661,Mobile-Mobile,Tower_Bangalore
1371,8765432109,6543210987,2024-01-15T03:00:00,446,Mobile-Mobile,Tower_Bangalore
1372,8765432109,6543210987,2024-01-15T20:10:00,560,Mobile-Mobile,Tower_Delhi_Central
1373,7654321098,7123456789,2024-01-15T21:30:00,885,Mobile-Mobile,Tower_Delhi_Central
1374,7654321098,7123456789,2024-01-15T09:54:00,911,Mobile-Mobile,Tower_Bangalore
1375,7654321098,7123456789,2024-01-15T23:16:00,889,Mobile-Mobile,Tower_Delhi_Central
1376,7654321098,7123456789,2024-01-15T17:03:00,1033,Mobile-Mobile,Tower_Bangalore
1377,7654321098,7123456789,2024-01-15T18:15:00,1144,Mobile-Mobile,Tower_Bangalore
1378,7654321098,7123456789,2024-01-15T23:43:00,1077,Mobile-Mobile,Tower_UP_Kanpur
1379,7654321098,7123456789,2024-01-15T23:37:00,918,Mobile-Mobile,Tower_UP_Kanpur
1380,7654321098,7123456789,2024-01-15T02:50:00,89,Mobile-Mobile,Tower_Bangalore
1381,7654321098,7123456789,2024-01-15T14:31:00,477,Mobile-Mobile,Tower_Mumbai_Central
1382,7654321098,7123456789,2024-01-15T16:12:00,817,Mobile-Mobile,Tower_Delhi_Central
1383,7654321098,7123456789,2024-01-15T16:27:00,1190,Mobile-Mobile,Tower_Delhi_Central
1384,7654321098,7123456789,2024-01-15T10:43:00,371,Mobile-Mobile,Tower_Delhi_Central
1385,7654321098,7123456789,2024-01-15T14:54:00,1180,Mobile-Mobile,Tower_UP_Kanpur
1386,7654321098,7123456789,2024-01-15T12:29:00,1012,Mobile-Mobile,Tower_Bangalore
1387,7654321098,7123456789,2024-01-15T10:05:00,284,Mobile-Mobile,Tower_Mumbai_Central
1388,7654321098,7123456789,2024-01-15T01:49:00,265,Mobile-Mobile,Tower_Bangalore
1389,7654321098,7123456789,2024-01-15T02:45:00,882,Mobile-Mobile,Tower_Bangalore
1390,7654321098,7123456789,2024-01-15T17:27:00,625,Mobile-Mobile,Tower_Delhi_Central
1391,7123456789,7654321098,2024-01-15T02:15:00,721,Mobile-Mobile,Tower_Mumbai_Central
1392,7123456789,7654321098,2024-01-15T17:47:00,771,Mobile-Mobile,Tower_Mumbai_Central
1393,7123456789,7654321098,2024-01-15T17:17:00,982,Mobile-Mobile,Tower_Mumbai_Central
1394,7123456789,7654321098,2024-01-15T01:44:00,848,Mobile-Mobile,Tower_Bangalore
1395,7123456789,7654321098,2024-01-15T19:00:00,1168,Mobile-Mobile,Tower_UP_Kanpur
1396,7123456789,7654321098,2024-01-15T09:45:00,596,Mobile-Mobile,Tower_Mumbai_Central
1397,7123456789,7654321098,2024-01-15T01:43:00,401,Mobile-Mobile,Tower_UP_Kanpur
1398,7123456789,7654321098,2024-01-15T21:17:00,573,Mobile-Mobile,Tower_Bangalore
1399,7123456789,7654321098,2024-01-15T15:36:00,852,Mobile-Mobile,Tower_Mumbai_Central
1400,7123456789,7654321098,2024-01-15T19:22:00,437,Mobile-Mobile,Tower_Mumbai_Central
1401,7123456789,7654321098,2024-01-15T02:28:00,214,Mobile-Mobile,Tower_Bangalore
1402,7123456789,7654321098,2024-01-15T19:01:00,1158,Mobile-Mobile,Tower_Bangalore
1403,7123456789,7654321098,2024-01-15T02:16:00,982,Mobile-Mobile,Tower_UP_Kanpur
1404,6543210987,6234567890,2024-01-15T23:17:00,881,Mobile-Mobile,Tower_Mumbai_Central
1405,6543210987,6234567890,2024-01-15T03:16:00,594,Mobile-Mobile,Tower_Delhi_Central
1406,6543210987,6234567890,2024-01-15T09:12:00,894,Mobile-Mobile,Tower_UP_Kanpur
1407,6543210987,6234567890,2024-01-15T02:31:00,208,Mobile-Mobile,Tower_Bangalore
1408,6543210987,6234567890,2024-01-15T13:13:00,496,Mobile-Mobile,Tower_Mumbai_Central
1409,6543210987,6234567890,2024-01-15T19:50:00,880,Mobile-Mobile,Tower_Bangalore
1410,6543210987,6234567890,2024-01-15T11:54:00,611,Mobile-Mobile,Tower_Delhi_Central
1411,6543210987,6234567890,2024-01-15T15:16:00,189,Mobile-Mobile,Tower_Mumbai_Central
1412,6543210987,6234567890,2024-01-15T14:11:00,521,Mobile-Mobile,Tower_Bangalore
1413,6543210987,6234567890,2024-01-15T11:13:00,893,Mobile-Mobile,Tower_Mumbai_Central
1414,6543210987,6234567890,2024-01-15T11:19:00,922,Mobile-Mobile,Tower_UP_Kanpur
1415,6543210987,6234567890,2024-01-15T23:29:00,974,Mobile-Mobile,Tower_Mumbai_Central
1416,9876543210,9123456789,2024-01-16T03:56:00,381,Mobile-Mobile,Tower_Mumbai_Central
1417,9876543210,9123456789,2024-01-16T21:25:00,421,Mobile-Mobile,Tower_Mumbai_Central
1418,9876543210,9123456789,2024-01-16T11:24:00,665,Mobile-Mobile,Tower_Bangalore
1419,9876543210,9123456789,2024-01-16T21:30:00,1169,Mobile-Mobile,Tower_Mumbai_Central
1420,9876543210,9123456789,2024-01-16T02:46:00,215,Mobile-Mobile,Tower_Delhi_Central
1421,9876543210,9123456789,2024-01-16T14:51:00,734,Mobile-Mobile,Tower_Mumbai_Central
1422,9876543210,9123456789,2024-01-16T03:29:00,706,Mobile-Mobile,Tower_UP_Kanpur
1423,9876543210,9123456789,2024-01-16T15:26:00,117,Mobile-Mobile,Tower_Delhi_Central
1424,9876543210,9123456789,2024-01-16T12:02:00,859,Mobile-Mobile,Tower_Bangalore
1425,9876543210,9123456789,2024-01-16T02:23:00,407,Mobile-Mobile,Tower_UP_Kanpur
1426,9876543210,8765432109,2024-01-16T02:14:00,1099,Mobile-Mobile,Tower_Delhi_Central
1427,9876543210,8765432109,2024-01-16T03:48:00,119,Mobile-Mobile,Tower_Mumbai_Central
1428,9876543210,8765432109,2024-01-16T03:36:00,161,Mobile-Mobile,Tower_Mumbai_Central
1429,9876543210,8765432109,2024-01-16T03:53:00,751,Mobile-Mobile,Tower_UP_Kanpur
1430,9876543210,7654321098,2024-01-16T03:01:00,301,Mobile-Mobile,Tower_Mumbai_Central
1431,9876543210,7654321098,2024-01-16T09:07:00,311,Mobile-Mobile,Tower_UP_Kanpur
1432,9876543210,7654321098,2024-01-16T13:18:00,482,Mobile-Mobile,Tower_UP_Kanpur
1433,9876543210,7654321098,2024-01-16T14:10:00,782,Mobile-Mobile,Tower_UP_Kanpur
1434,9876543210,7654321098,2024-01-16T15:00:00,779,Mobile-Mobile,Tower_Delhi_Central
1435,9876543210,7654321098,2024-01-16T18:33:00,701,Mobile-Mobile,Tower_Mumbai_Central
1436,9876543210,7654321098,2024-01-16T13:38:00,1010,Mobile-Mobile,Tower_Delhi_Central
1437,9876543210,7654321098,2024-01-16T03:45:00,842,Mobile-Mobile,Tower_Mumbai_Central
1438,9123456789,9876543210,2024-01-16T01:19:00,1060,Mobile-Mobile,Tower_UP_Kanpur
1439,9123456789,9876543210,2024-01-16T03:27:00,607,Mobile-Mobile,Tower_Bangalore
1440,9123456789,9876543210,2024-01-16T15:28:00,546,Mobile-Mobile,Tower_Delhi_Central
1441,9123456789,9876543210,2024-01-16T01:50:00,1101,Mobile-Mobile,Tower_Bangalore
1442,9123456789,9876543210,2024-01-16T14:39:00,1066,Mobile-Mobile,Tower_Bangalore
1443,9123456789,9876543210,2024-01-16T23:18:00,225,Mobile-Mobile,Tower_Bangalore
1444,9123456789,9876543210,2024-01-16T20:02:00,602,Mobile-Mobile,Tower_Delhi_Central
1445,9123456789,9876543210,2024-01-16T11:52:00,897,Mobile-Mobile,Tower_Mumbai_Central
1446,9123456789,9876543210,2024-01-16T12:54:00,1052,Mobile-Mobile,Tower_Delhi_Central
1447,9123456789,9876543210,2024-01-16T01:31:00,280,Mobile-Mobile,Tower_Bangalore
1448,9123456789,9876543210,2024-01-16T01:03:00,444,Mobile-Mobile,Tower_Bangalore
1449,9012345678,9876543210,2024-01-16T15:08:00,804,Mobile-Mobile,Tower_UP_Kanpur
1450,9012345678,9876543210,2024-01-16T20:34:00,1162,Mobile-Mobile,Tower_Delhi_Central
1451,9012345678,9876543210,2024-01-16T14:39:00,203,Mobile-Mobile,Tower_Mumbai_Central
1452,9012345678,9876543210,2024-01-16T19:10:00,168,Mobile-Mobile,Tower_UP_Kanpur
1453,9012345678,9876543210,2024-01-16T17:53:00,770,Mobile-Mobile,Tower_UP_Kanpur
1454,8765432109,8912345678,2024-01-16T15:49:00,871,Mobile-Mobile,Tower_Bangalore
1455,8765432109,8912345678,2024-01-16T02:03:00,176,Mobile-Mobile,Tower_Mumbai_Central
1456,8765432109,8912345678,2024-01-16T13:30:00,234,Mobile-Mobile,Tower_UP_Kanpur
1457,8765432109,8912345678,2024-01-16T01:31:00,563,Mobile-Mobile,Tower_Delhi_Central
1458,8765432109,8912345678,2024-01-16T10:57:00,133,Mobile-Mobile,Tower_UP_Kanpur
1459,8765432109,8912345678,2024-01-16T16:45:00,704,Mobile-Mobile,Tower_Mumbai_Central
1460,8765432109,8912345678,2024-01-16T20:02:00,299,Mobile-Mobile,Tower_Delhi_Central
1461,8765432109,8912345678,2024-01-16T23:22:00,1062,Mobile-Mobile,Tower_Mumbai_Central
1462,8765432109,8912345678,2024-01-16T02:57:00,622,Mobile-Mobile,Tower_UP_Kanpur
1463,8765432109,8912345678,2024-01-16T21:42:00,233,Mobile-Mobile,Tower_Mumbai_Central
1464,8765432109,8912345678,2024-01-16T19:48:00,107,Mobile-Mobile,Tower_Delhi_Central
1465,8765432109,8912345678,2024-01-16T02:44:00,916,Mobile-Mobile,Tower_Mumbai_Central
1466,8765432109,6543210987,2024-01-16T11:58:00,91,Mobile-Mobile,Tower_Delhi_Central
1467,8765432109,6543210987,2024-01-16T19:37:00,628,Mobile-Mobile,Tower_Delhi_Central
1468,8765432109,6543210987,2024-01-16T01:15:00,1005,Mobile-Mobile,Tower_Mumbai_Central
1469,8765432109,6543210987,2024-01-16T09:53:00,648,Mobile-Mobile,Tower_Delhi_Central
1470,8765432109,6543210987,2024-01-16T11:56:00,187,Mobile-Mobile,Tower_Delhi_Central
1471,8765432109,6543210987,2024-01-16T11:06:00,311,Mobile-Mobile,Tower_Bangalore
1472,8765432109,6543210987,2024-01-16T01:21:00,791,Mobile-Mobile,Tower_Mumbai_Central
1473,7654321098,7123456789,2024-01-16T03:24:00,844,Mobile-Mobile,Tower_UP_Kanpur
1474,7654321098,7123456789,2024-01-16T18:10:00,789,Mobile-Mobile,Tower_UP_Kanpur
1475,7654321098,7123456789,2024-01-16T03:21:00,607,Mobile-Mobile,Tower_Mumbai_Central
1476,7654321098,7123456789,2024-01-16T02:51:00,859,Mobile-Mobile,Tower_UP_Kanpur
1477,7654321098,7123456789,2024-01-16T23:52:00,707,Mobile-Mobile,Tower_Mumbai_Central
1478,7654321098,7123456789,2024-01-16T11:25:00,122,Mobile-Mobile,Tower_Mumbai_Central
1479,7654321098,7123456789,2024-01-16T02:32:00,940,Mobile-Mobile,Tower_UP_Kanpur
1480,7654321098,7123456789,2024-01-16T01:56:00,1001,Mobile-Mobile,Tower_Bangalore
1481,7654321098,7123456789,2024-01-16T03:32:00,744,Mobile-Mobile,Tower_Mumbai_Central
1482,7654321098,7123456789,2024-01-16T01:17:00,41,Mobile-Mobile,Tower_Bangalore
1483,7654321098,7123456789,2024-01-16T03:45:00,644,Mobile-Mobile,Tower_UP_Kanpur
1484,7654321098,7123456789,2024-01-16T11:29:00,735,Mobile-Mobile,Tower_Delhi_Central
1485,7654321098,7123456789,2024-01-16T20:57:00,888,Mobile-Mobile,Tower_Delhi_Central
1486,7123456789,7654321098,2024-01-16T02:58:00,417,Mobile-Mobile,Tower_UP_Kanpur
1487,7123456789,7654321098,2024-01-16T18:20:00,404,Mobile-Mobile,Tower_Mumbai_Central
1488,7123456789,7654321098,2024-01-16T15:43:00,209,Mobile-Mobile,Tower_Mumbai_Central
1489,7123456789,7654321098,2024-01-16T02:27:00,935,Mobile-Mobile,Tower_Mumbai_Central
1490,7123456789,7654321098,2024-01-16T12:21:00,846,Mobile-Mobile,Tower_Bangalore
1491,7123456789,7654321098,2024-01-16T14:25:00,89,Mobile-Mobile,Tower_Bangalore
1492,7123456789,7654321098,2024-01-16T14:26:00,1178,Mobile-Mobile,Tower_Delhi_Central
1493,7123456789,7654321098,2024-01-16T12:37:00,902,Mobile-Mobile,Tower_Bangalore
1494,7123456789,7654321098,2024-01-16T18:39:00,1157,Mobile-Mobile,Tower_UP_Kanpur
1495,7123456789,7654321098,2024-01-16T03:31:00,166,Mobile-Mobile,Tower_Bangalore
1496,7123456789,7654321098,2024-01-16T18:57:00,1052,Mobile-Mobile,Tower_Bangalore
1497,7123456789,7654321098,2024-01-16T01:12:00,891,Mobile-Mobile,Tower_Delhi_Central
1498,7123456789,7654321098,2024-01-16T13:06:00,1159,Mobile-Mobile,Tower_Bangalore
1499,7123456789,7654321098,2024-01-16T01:21:00,74,Mobile-Mobile,Tower_Mumbai_Central
1500,7123456789,7654321098,2024-01-16T14:01:00,89,Mobile-Mobile,Tower_Bangalore
1501,7123456789,7654321098,2024-01-16T09:09:00,593,Mobile-Mobile,Tower_Mumbai_Central
1502,7123456789,7654321098,2024-01-16T19:24:00,290,Mobile-Mobile,Tower_Delhi_Central
1503,7123456789,7654321098,2024-01-16T02:07:00,786,Mobile-Mobile,Tower_Delhi_Central
1504,6543210987,6234567890,2024-01-16T03:33:00,371,Mobile-Mobile,Tower_Delhi_Central
1505,6543210987,6234567890,2024-01-16T01:59:00,201,Mobile-Mobile,Tower_UP_Kanpur
1506,6543210987,6234567890,2024-01-16T03:28:00,1118,Mobile-Mobile,Tower_UP_Kanpur
1507,6543210987,6234567890,2024-01-16T09:48:00,158,Mobile-Mobile,Tower_UP_Kanpur
1508,6543210987,6234567890,2024-01-16T02:05:00,259,Mobile-Mobile,Tower_UP_Kanpur
1509,6543210987,6234567890,2024-01-16T11:07:00,338,Mobile-Mobile,Tower_Mumbai_Central
1510,6543210987,6234567890,2024-01-16T09:35:00,402,Mobile-Mobile,Tower_UP_Kanpur
1511,6543210987,6234567890,2024-01-16T23:45:00,937,Mobile-Mobile,Tower_Mumbai_Central
1512,6543210987,6234567890,2024-01-16T03:18:00,441,Mobile-Mobile,Tower_Mumbai_Central
1513,6543210987,6234567890,2024-01-16T02:14:00,508,Mobile-Mobile,Tower_Delhi_Central
1514,9876543210,9123456789,2024-01-17T14:48:00,522,Mobile-Mobile,Tower_Mumbai_Central
1515,9876543210,9123456789,2024-01-17T19:11:00,905,Mobile-Mobile,Tower_Bangalore
1516,9876543210,9123456789,2024-01-17T09:34:00,696,Mobile-Mobile,Tower_Bangalore
1517,9876543210,9123456789,2024-01-17T23:02:00,230,Mobile-Mobile,Tower_UP_Kanpur
1518,9876543210,9123456789,2024-01-17T20:15:00,1011,Mobile-Mobile,Tower_UP_Kanpur
1519,9876543210,9123456789,2024-01-17T03:59:00,715,Mobile-Mobile,Tower_Mumbai_Central
1520,9876543210,8765432109,2024-01-17T12:05:00,142,Mobile-Mobile,Tower_Mumbai_Central
1521,9876543210,8765432109,2024-01-17T03:25:00,409,Mobile-Mobile,Tower_Mumbai_Central
1522,9876543210,8765432109,2024-01-17T16:45:00,295,Mobile-Mobile,Tower_Delhi_Central
1523,9876543210,8765432109,2024-01-17T03:34:00,889,Mobile-Mobile,Tower_UP_Kanpur
1524,9876543210,8765432109,2024-01-17T03:32:00,907,Mobile-Mobile,Tower_Bangalore
1525,9876543210,8765432109,2024-01-17T02:04:00,765,Mobile-Mobile,Tower_UP_Kanpur
1526,9876543210,8765432109,2024-01-17T15:08:00,618,Mobile-Mobile,Tower_UP_Kanpur
1527,9876543210,8765432109,2024-01-17T02:59:00,885,Mobile-Mobile,Tower_Bangalore
1528,9876543210,8765432109,2024-01-17T11:05:00,1102,Mobile-Mobile,Tower_Bangalore
1529,9876543210,7654321098,2024-01-17T23:04:00,810,Mobile-Mobile,Tower_UP_Kanpur
1530,9876543210,7654321098,2024-01-17T19:46:00,917,Mobile-Mobile,Tower_UP_Kanpur
1531,9876543210,7654321098,2024-01-17T17:12:00,578,Mobile-Mobile,Tower_Mumbai_Central
1532,9876543210,7654321098,2024-01-17T10:54:00,227,Mobile-Mobile,Tower_Bangalore
1533,9876543210,7654321098,2024-01-17T23:11:00,295,Mobile-Mobile,Tower_Mumbai_Central
1534,9876543210,7654321098,2024-01-17T11:53:00,228,Mobile-Mobile,Tower_UP_Kanpur
1535,9876543210,7654321098,2024-01-17T10:23:00,53,Mobile-Mobile,Tower_Mumbai_Central
1536,9123456789,9876543210,2024-01-17T23:08:00,1023,Mobile-Mobile,Tower_Bangalore
1537,9123456789,9876543210,2024-01-17T19:30:00,61,Mobile-Mobile,Tower_UP_Kanpur
1538,9123456789,9876543210,2024-01-17T02:45:00,937,Mobile-Mobile,Tower_Bangalore
1539,9123456789,9876543210,2024-01-17T02:54:00,938,Mobile-Mobile,Tower_Delhi_Central
1540,9123456789,9876543210,2024-01-17T11:42:00,782,Mobile-Mobile,Tower_Delhi_Central
1541,9123456789,9876543210,2024-01-17T21:57:00,748,Mobile-Mobile,Tower_Bangalore
1542,9123456789,9876543210,2024-01-17T23:07:00,61,Mobile-Mobile,Tower_Delhi_Central
1543,9123456789,9876543210,2024-01-17T03:52:00,781,Mobile-Mobile,Tower_Mumbai_Central
1544,9123456789,9876543210,2024-01-17T12:17:00,357,Mobile-Mobile,Tower_UP_Kanpur
1545,9123456789,9876543210,2024-01-17T17:38:00,705,Mobile-Mobile,Tower_UP_Kanpur
1546,9012345678,9876543210,2024-01-17T23:54:00,309,Mobile-Mobile,Tower_Delhi_Central
1547,9012345678,9876543210,2024-01-17T09:42:00,267,Mobile-Mobile,Tower_Bangalore
1548,9012345678,9876543210,2024-01-17T11:19:00,107,Mobile-Mobile,Tower_Delhi_Central
1549,9012345678,9876543210,2024-01-17T02:56:00,177,Mobile-Mobile,Tower_Bangalore
1550,9012345678,9876543210,2024-01-17T12:17:00,327,Mobile-Mobile,Tower_Mumbai_Central
1551,8765432109,8912345678,2024-01-17T09:23:00,302,Mobile-Mobile,Tower_Bangalore
1552,8765432109,8912345678,2024-01-17T18:27:00,1023,Mobile-Mobile,Tower_Bangalore
1553,8765432109,8912345678,2024-01-17T19:12:00,237,Mobile-Mobile,Tower_Mumbai_Central
1554,8765432109,8912345678,2024-01-17T03:31:00,1134,Mobile-Mobile,Tower_Mumbai_Central
1555,8765432109,8912345678,2024-01-17T03:51:00,627,Mobile-Mobile,Tower_Delhi_Central
1556,8765432109,8912345678,2024-01-17T21:31:00,742,Mobile-Mobile,Tower_Bangalore
1557,8765432109,8912345678,2024-01-17T17:35:00,722,Mobile-Mobile,Tower_Bangalore
1558,8765432109,8912345678,2024-01-17T21:25:00,594,Mobile-Mobile,Tower_Bangalore
1559,8765432109,8912345678,2024-01-17T09:06:00,499,Mobile-Mobile,Tower_Delhi_Central
1560,8765432109,8912345678,2024-01-17T13:45:00,1000,Mobile-Mobile,Tower_UP_Kanpur
1561,8765432109,8912345678,2024-01-17T13:34:00,897,Mobile-Mobile,Tower_Delhi_Central
1562,8765432109,8912345678,2024-01-17T18:30:00,428,Mobile-Mobile,Tower_Delhi_Central
1563,8765432109,6543210987,2024-01-17T20:22:00,1196,Mobile-Mobile,Tower_UP_Kanpur
1564,8765432109,6543210987,2024-01-17T13:14:00,43,Mobile-Mobile,Tower_Bangalore
1565,8765432109,6543210987,2024-01-17T15:33:00,234,Mobile-Mobile,Tower_UP_Kanpur
1566,8765432109,6543210987,2024-01-17T01:41:00,419,Mobile-Mobile,Tower_UP_Kanpur
1567,8765432109,6543210987,2024-01-17T23:09:00,1056,Mobile-Mobile,Tower_Bangalore
1568,8765432109,6543210987,2024-01-17T23:33:00,57,Mobile-Mobile,Tower_Delhi_Central
1569,7654321098,7123456789,2024-01-17T13:49:00,885,Mobile-Mobile,Tower_Bangalore
1570,7654321098,7123456789,2024-01-17T10:25:00,587,Mobile-Mobile,Tower_Delhi_Central
1571,7654321098,7123456789,2024-01-17T10:40:00,1102,Mobile-Mobile,Tower_Mumbai_Central
1572,7654321098,7123456789,2024-01-17T18:23:00,299,Mobile-Mobile,Tower_UP_Kanpur
1573,7654321098,7123456789,2024-01-17T16:23:00,668,Mobile-Mobile,Tower_Delhi_Central
1574,7654321098,7123456789,2024-01-17T23:09:00,956,Mobile-Mobile,Tower_Bangalore
1575,7654321098,7123456789,2024-01-17T02:31:00,359,Mobile-Mobile,Tower_UP_Kanpur
1576,7654321098,7123456789,2024-01-17T14:30:00,343,Mobile-Mobile,Tower_UP_Kanpur
1577,7654321098,7123456789,2024-01-17T19:50:00,688,Mobile-Mobile,Tower_Delhi_Central
1578,7654321098,7123456789,2024-01-17T02:24:00,1034,Mobile-Mobile,Tower_Delhi_Central
1579,7654321098,7123456789,2024-01-17T13:30:00,660,Mobile-Mobile,Tower_Mumbai_Central
1580,7654321098,7123456789,2024-01-17T03:50:00,700,Mobile-Mobile,Tower_Mumbai_Central
1581,7654321098,7123456789,2024-01-17T20:36:00,223,Mobile-Mobile,Tower_Delhi_Central
1582,7123456789,7654321098,2024-01-17T03:41:00,256,Mobile-Mobile,Tower_UP_Kanpur
1583,7123456789,7654321098,2024-01-17T19:19:00,604,Mobile-Mobile,Tower_Bangalore
1584,7123456789,7654321098,2024-01-17T18:56:00,148,Mobile-Mobile,Tower_Mumbai_Central
1585,7123456789,7654321098,2024-01-17T21:20:00,227,Mobile-Mobile,Tower_Delhi_Central
1586,7123456789,7654321098,2024-01-17T01:27:00,576,Mobile-Mobile,Tower_Mumbai_Central
1587,7123456789,7654321098,2024-01-17T14:17:00,317,Mobile-Mobile,Tower_Bangalore
1588,7123456789,7654321098,2024-01-17T01:32:00,1110,Mobile-Mobile,Tower_Delhi_Central
1589,7123456789,7654321098,2024-01-17T02:08:00,1136,Mobile-Mobile,Tower_Mumbai_Central
1590,7123456789,7654321098,2024-01-17T17:04:00,167,Mobile-Mobile,Tower_Mumbai_Central
1591,7123456789,7654321098,2024-01-17T12:28:00,245,Mobile-Mobile,Tower_UP_Kanpur
1592,7123456789,7654321098,2024-01-17T16:19:00,186,Mobile-Mobile,Tower_Delhi_Central
1593,7123456789,7654321098,2024-01-17T17:11:00,861,Mobile-Mobile,Tower_Delhi_Central
1594,7123456789,7654321098,2024-01-17T09:54:00,874,Mobile-Mobile,Tower_Delhi_Central
1595,7123456789,7654321098,2024-01-17T11:10:00,984,Mobile-Mobile,Tower_Mumbai_Central
1596,7123456789,7654321098,2024-01-17T16:09:00,579,Mobile-Mobile,Tower_Mumbai_Central
1597,6543210987,6234567890,2024-01-17T13:00:00,41,Mobile-Mobile,Tower_Bangalore
1598,6543210987,6234567890,2024-01-17T02:59:00,871,Mobile-Mobile,Tower_Mumbai_Central
1599,6543210987,6234567890,2024-01-17T23:39:00,431,Mobile-Mobile,Tower_Bangalore
1600,6543210987,6234567890,2024-01-17T16:47:00,797,Mobile-Mobile,Tower_Delhi_Central
1601,6543210987,6234567890,2024-01-17T10:20:00,392,Mobile-Mobile,Tower_UP_Kanpur
1602,6543210987,6234567890,2024-01-17T23:05:00,1193,Mobile-Mobile,Tower_UP_Kanpur
1603,6543210987,6234567890,2024-01-17T21:45:00,586,Mobile-Mobile,Tower_Mumbai_Central
1604,9876543210,9123456789,2024-01-18T13:51:00,978,Mobile-Mobile,Tower_UP_Kanpur
1605,9876543210,9123456789,2024-01-18T13:31:00,390,Mobile-Mobile,Tower_Mumbai_Central
1606,9876543210,9123456789,2024-01-18T23:59:00,909,Mobile-Mobile,Tower_UP_Kanpur
1607,9876543210,9123456789,2024-01-18T16:33:00,640,Mobile-Mobile,Tower_UP_Kanpur
1608,9876543210,9123456789,2024-01-18T11:10:00,1100,Mobile-Mobile,Tower_Delhi_Central
1609,9876543210,9123456789,2024-01-18T21:42:00,952,Mobile-Mobile,Tower_Mumbai_Central
1610,9876543210,8765432109,2024-01-18T18:17:00,647,Mobile-Mobile,Tower_UP_Kanpur
1611,9876543210,8765432109,2024-01-18T03:10:00,854,Mobile-Mobile,Tower_Mumbai_Central
1612,9876543210,8765432109,2024-01-18T11:21:00,552,Mobile-Mobile,Tower_Bangalore
1613,9876543210,8765432109,2024-01-18T15:54:00,846,Mobile-Mobile,Tower_UP_Kanpur
1614,9876543210,8765432109,2024-01-18T18:45:00,324,Mobile-Mobile,Tower_UP_Kanpur
1615,9876543210,8765432109,2024-01-18T21:14:00,664,Mobile-Mobile,Tower_Mumbai_Central
1616,9876543210,7654321098,2024-01-18T23:48:00,691,Mobile-Mobile,Tower_Bangalore
1617,9876543210,7654321098,2024-01-18T02:06:00,1196,Mobile-Mobile,Tower_UP_Kanpur
1618,9876543210,7654321098,2024-01-18T01:09:00,1194,Mobile-Mobile,Tower_Mumbai_Central
1619,9876543210,7654321098,2024-01-18T11:34:00,701,Mobile-Mobile,Tower_UP_Kanpur
1620,9123456789,9876543210,2024-01-18T02:44:00,74,Mobile-Mobile,Tower_Mumbai_Central
1621,9123456789,9876543210,2024-01-18T14:00:00,497,Mobile-Mobile,Tower_Delhi_Central
1622,9123456789,9876543210,2024-01-18T02:25:00,340,Mobile-Mobile,Tower_Delhi_Central
1623,9123456789,9876543210,2024-01-18T02:19:00,1031,Mobile-Mobile,Tower_UP_Kanpur
1624,9123456789,9876543210,2024-01-18T16:30:00,541,Mobile-Mobile,Tower_UP_Kanpur
1625,9123456789,9876543210,2024-01-18T02:12:00,975,Mobile-Mobile,Tower_Mumbai_Central
1626,9123456789,9876543210,2024-01-18T14:42:00,61,Mobile-Mobile,Tower_UP_Kanpur
1627,9123456789,9876543210,2024-01-18T20:48:00,133,Mobile-Mobile,Tower_Bangalore
1628,9123456789,9876543210,2024-01-18T23:22:00,627,Mobile-Mobile,Tower_Delhi_Central
1629,9123456789,9876543210,2024-01-18T02:43:00,166,Mobile-Mobile,Tower_Delhi_Central
1630,9123456789,9876543210,2024-01-18T21:21:00,416,Mobile-Mobile,Tower_Bangalore
1631,9012345678,9876543210,2024-01-18T03:38:00,893,Mobile-Mobile,Tower_Delhi_Central
1632,9012345678,9876543210,2024-01-18T18:01:00,879,Mobile-Mobile,Tower_UP_Kanpur
1633,9012345678,9876543210,2024-01-18T12:24:00,137,Mobile-Mobile,Tower_Bangalore
1634,9012345678,9876543210,2024-01-18T01:18:00,526,Mobile-Mobile,Tower_Delhi_Central
1635,8765432109,8912345678,2024-01-18T11:37:00,768,Mobile-Mobile,Tower_UP_Kanpur
1636,8765432109,8912345678,2024-01-18T13:12:00,492,Mobile-Mobile,Tower_UP_Kanpur
1637,8765432109,8912345678,2024-01-18T09:31:00,554,Mobile-Mobile,Tower_Mumbai_Central
1638,8765432109,8912345678,2024-01-18T01:16:00,505,Mobile-Mobile,Tower_UP_Kanpur
1639,8765432109,8912345678,2024-01-18T01:47:00,140,Mobile-Mobile,Tower_UP_Kanpur
1640,8765432109,8912345678,2024-01-18T10:28:00,1169,Mobile-Mobile,Tower_UP_Kanpur
1641,8765432109,8912345678,2024-01-18T21:24:00,962,Mobile-Mobile,Tower_UP_Kanpur
1642,8765432109,8912345678,2024-01-18T20:51:00,690,Mobile-Mobile,Tower_Bangalore
1643,8765432109,6543210987,2024-01-18T23:10:00,695,Mobile-Mobile,Tower_Bangalore
1644,8765432109,6543210987,2024-01-18T09:40:00,413,Mobile-Mobile,Tower_UP_Kanpur
1645,8765432109,6543210987,2024-01-18T17:44:00,859,Mobile-Mobile,Tower_Mumbai_Central
1646,8765432109,6543210987,2024-01-18T02:32:00,959,Mobile-Mobile,Tower_Mumbai_Central
1647,8765432109,6543210987,2024-01-18T02:12:00,767,Mobile-Mobile,Tower_Mumbai_Central
1648,7654321098,7123456789,2024-01-18T02:17:00,940,Mobile-Mobile,Tower_Mumbai_Central
1649,7654321098,7123456789,2024-01-18T10:57:00,938,Mobile-Mobile,Tower_UP_Kanpur
1650,7654321098,7123456789,2024-01-18T18:06:00,741,Mobile-Mobile,Tower_Delhi_Central
1651,7654321098,7123456789,2024-01-18T17:13:00,160,Mobile-Mobile,Tower_Bangalore
1652,7654321098,7123456789,2024-01-18T10:29:00,616,Mobile-Mobile,Tower_Mumbai_Central
1653,7654321098,7123456789,2024-01-18T10:33:00,398,Mobile-Mobile,Tower_UP_Kanpur
1654,7654321098,7123456789,2024-01-18T16:52:00,366,Mobile-Mobile,Tower_Delhi_Central
1655,7654321098,7123456789,2024-01-18T02:46:00,879,Mobile-Mobile,Tower_Delhi_Central
1656,7654321098,7123456789,2024-01-18T17:45:00,615,Mobile-Mobile,Tower_UP_Kanpur
1657,7654321098,7123456789,2024-01-18T18:34:00,1019,Mobile-Mobile,Tower_Delhi_Central
1658,7654321098,7123456789,2024-01-18T14:37:00,199,Mobile-Mobile,Tower_Delhi_Central
1659,7654321098,7123456789,2024-01-18T03:50:00,193,Mobile-Mobile,Tower_Delhi_Central
1660,7654321098,7123456789,2024-01-18T17:38:00,882,Mobile-Mobile,Tower_Bangalore
1661,7654321098,7123456789,2024-01-18T13:30:00,537,Mobile-Mobile,Tower_UP_Kanpur
1662,7654321098,7123456789,2024-01-18T13:41:00,731,Mobile-Mobile,Tower_Delhi_Central
1663,7654321098,7123456789,2024-01-18T16:35:00,832,Mobile-Mobile,Tower_Bangalore
1664,7123456789,7654321098,2024-01-18T23:47:00,34,Mobile-Mobile,Tower_UP_Kanpur
1665,7123456789,7654321098,2024-01-18T11:15:00,998,Mobile-Mobile,Tower_Mumbai_Central
1666,7123456789,7654321098,2024-01-18T03:21:00,693,Mobile-Mobile,Tower_Bangalore
1667,7123456789,7654321098,2024-01-18T13:23:00,241,Mobile-Mobile,Tower_UP_Kanpur
1668,7123456789,7654321098,2024-01-18T03:29:00,94,Mobile-Mobile,Tower_Bangalore
1669,7123456789,7654321098,2024-01-18T17:17:00,878,Mobile-Mobile,Tower_Mumbai_Central
1670,7123456789,7654321098,2024-01-18T11:33:00,567,Mobile-Mobile,Tower_Delhi_Central
1671,7123456789,7654321098,2024-01-18T13:36:00,1185,Mobile-Mobile,Tower_Delhi_Central
1672,7123456789,7654321098,2024-01-18T18:07:00,463,Mobile-Mobile,Tower_Mumbai_Central
1673,7123456789,7654321098,2024-01-18T01:49:00,833,Mobile-Mobile,Tower_Mumbai_Central
1674,7123456789,7654321098,2024-01-18T21:28:00,118,Mobile-Mobile,Tower_Delhi_Central
1675,7123456789,7654321098,2024-01-18T17:57:00,734,Mobile-Mobile,Tower_Bangalore
1676,7123456789,7654321098,2024-01-18T03:20:00,1183,Mobile-Mobile,Tower_UP_Kanpur
1677,7123456789,7654321098,2024-01-18T11:40:00,116,Mobile-Mobile,Tower_Mumbai_Central
1678,7123456789,7654321098,2024-01-18T14:56:00,864,Mobile-Mobile,Tower_Mumbai_Central
1679,7123456789,7654321098,2024-01-18T13:27:00,113,Mobile-Mobile,Tower_Bangalore
1680,7123456789,7654321098,2024-01-18T01:34:00,55,Mobile-Mobile,Tower_Bangalore
1681,7123456789,7654321098,2024-01-18T01:18:00,822,Mobile-Mobile,Tower_Delhi_Central
1682,6543210987,6234567890,2024-01-18T19:40:00,531,Mobile-Mobile,Tower_Mumbai_Central
1683,6543210987,6234567890,2024-01-18T16:34:00,1077,Mobile-Mobile,Tower_UP_Kanpur
1684,6543210987,6234567890,2024-01-18T02:17:00,1097,Mobile-Mobile,Tower_UP_Kanpur
1685,6543210987,6234567890,2024-01-18T11:28:00,110,Mobile-Mobile,Tower_UP_Kanpur
1686,6543210987,6234567890,2024-01-18T15:36:00,68,Mobile-Mobile,Tower_Bangalore
1687,6543210987,6234567890,2024-01-18T03:29:00,473,Mobile-Mobile,Tower_UP_Kanpur
1688,6543210987,6234567890,2024-01-18T23:05:00,783,Mobile-Mobile,Tower_Bangalore
1689,6543210987,6234567890,2024-01-18T01:39:00,572,Mobile-Mobile,Tower_UP_Kanpur
1690,6543210987,6234567890,2024-01-18T17:31:00,391,Mobile-Mobile,Tower_Bangalore
1691,6543210987,6234567890,2024-01-18T15:09:00,392,Mobile-Mobile,Tower_Mumbai_Central
1692,9876543210,9123456789,2024-01-19T10:15:00,897,Mobile-Mobile,Tower_Bangalore
1693,9876543210,9123456789,2024-01-19T10:14:00,199,Mobile-Mobile,Tower_Mumbai_Central
1694,9876543210,9123456789,2024-01-19T03:24:00,251,Mobile-Mobile,Tower_Mumbai_Central
1695,9876543210,9123456789,2024-01-19T01:06:00,282,Mobile-Mobile,Tower_UP_Kanpur
1696,9876543210,9123456789,2024-01-19T12:29:00,595,Mobile-Mobile,Tower_UP_Kanpur
1697,9876543210,9123456789,2024-01-19T21:14:00,454,Mobile-Mobile,Tower_Mumbai_Central
1698,9876543210,9123456789,2024-01-19T18:25:00,43,Mobile-Mobile,Tower_Mumbai_Central
1699,9876543210,9123456789,2024-01-19T14:26:00,1027,Mobile-Mobile,Tower_Delhi_Central
1700,9876543210,9123456789,2024-01-19T23:47:00,131,Mobile-Mobile,Tower_UP_Kanpur
1701,9876543210,8765432109,2024-01-19T01:49:00,955,Mobile-Mobile,Tower_Bangalore
1702,9876543210,8765432109,2024-01-19T18:50:00,661,Mobile-Mobile,Tower_Bangalore
1703,9876543210,8765432109,2024-01-19T10:53:00,1015,Mobile-Mobile,Tower_Delhi_Central
1704,9876543210,8765432109,2024-01-19T17:19:00,614,Mobile-Mobile,Tower_Mumbai_Central
1705,9876543210,7654321098,2024-01-19T23:47:00,850,Mobile-Mobile,Tower_Bangalore
1706,9876543210,7654321098,2024-01-19T18:46:00,804,Mobile-Mobile,Tower_Delhi_Central
1707,9876543210,7654321098,2024-01-19T18:13:00,83,Mobile-Mobile,Tower_UP_Kanpur
1708,9876543210,7654321098,2024-01-19T19:02:00,1176,Mobile-Mobile,Tower_Delhi_Central
1709,9876543210,7654321098,2024-01-19T12:31:00,1182,Mobile-Mobile,Tower_UP_Kanpur
1710,9876543210,7654321098,2024-01-19T03:01:00,794,Mobile-Mobile,Tower_Bangalore
1711,9876543210,7654321098,2024-01-19T13:46:00,808,Mobile-Mobile,Tower_Mumbai_Central
1712,9123456789,9876543210,2024-01-19T13:58:00,290,Mobile-Mobile,Tower_Bangalore
1713,9123456789,9876543210,2024-01-19T21:05:00,431,Mobile-Mobile,Tower_Bangalore
1714,9123456789,9876543210,2024-01-19T03:45:00,505,Mobile-Mobile,Tower_UP_Kanpur
1715,9123456789,9876543210,2024-01-19T03:27:00,78,Mobile-Mobile,Tower_UP_Kanpur
1716,9123456789,9876543210,2024-01-19T15:08:00,1160,Mobile-Mobile,Tower_UP_Kanpur
1717,9123456789,9876543210,2024-01-19T01:17:00,1068,Mobile-Mobile,Tower_UP_Kanpur
1718,9123456789,9876543210,2024-01-19T23:24:00,1150,Mobile-Mobile,Tower_Delhi_Central
1719,9012345678,9876543210,2024-01-19T18:42:00,74,Mobile-Mobile,Tower_Delhi_Central
1720,9012345678,9876543210,2024-01-19T19:57:00,167,Mobile-Mobile,Tower_Bangalore
1721,9012345678,9876543210,2024-01-19T02:32:00,352,Mobile-Mobile,Tower_Bangalore
1722,9012345678,9876543210,2024-01-19T09:00:00,561,Mobile-Mobile,Tower_Mumbai_Central
1723,8765432109,8912345678,2024-01-19T12:45:00,851,Mobile-Mobile,Tower_Bangalore
1724,8765432109,8912345678,2024-01-19T12:34:00,301,Mobile-Mobile,Tower_Bangalore
1725,8765432109,8912345678,2024-01-19T13:34:00,1030,Mobile-Mobile,Tower_UP_Kanpur
1726,8765432109,8912345678,2024-01-19T18:38:00,404,Mobile-Mobile,Tower_Delhi_Central
1727,8765432109,8912345678,2024-01-19T21:27:00,141,Mobile-Mobile,Tower_Mumbai_Central
1728,8765432109,8912345678,2024-01-19T12:52:00,277,Mobile-Mobile,Tower_Bangalore
1729,8765432109,8912345678,2024-01-19T14:48:00,1017,Mobile-Mobile,Tower_Bangalore
1730,8765432109,8912345678,2024-01-19T19:59:00,381,Mobile-Mobile,Tower_Bangalore
1731,8765432109,8912345678,2024-01-19T03:39:00,503,Mobile-Mobile,Tower_UP_Kanpur
1732,8765432109,8912345678,2024-01-19T03:19:00,702,Mobile-Mobile,Tower_UP_Kanpur
1733,8765432109,8912345678,2024-01-19T03:55:00,158,Mobile-Mobile,Tower_Delhi_Central
1734,8765432109,6543210987,2024-01-19T21:55:00,66,Mobile-Mobile,Tower_Bangalore
1735,8765432109,6543210987,2024-01-19T13:21:00,65,Mobile-Mobile,Tower_Bangalore
1736,8765432109,6543210987,2024-01-19T23:40:00,407,Mobile-Mobile,Tower_UP_Kanpur
1737,8765432109,6543210987,2024-01-19T23:36:00,440,Mobile-Mobile,Tower_Mumbai_Central
1738,8765432109,6543210987,2024-01-19T17:28:00,122,Mobile-Mobile,Tower_Mumbai_Central
1739,8765432109,6543210987,2024-01-19T23:48:00,824,Mobile-Mobile,Tower_UP_Kanpur
1740,8765432109,6543210987,2024-01-19T12:12:00,1154,Mobile-Mobile,Tower_UP_Kanpur
1741,8765432109,6543210987,2024-01-19T01:59:00,168,Mobile-Mobile,Tower_Bangalore
1742,8765432109,6543210987,2024-01-19T23:24:00,281,Mobile-Mobile,Tower_UP_Kanpur
1743,7654321098,7123456789,2024-01-19T18:26:00,1099,Mobile-Mobile,Tower_Delhi_Central
1744,7654321098,7123456789,2024-01-19T01:49:00,196,Mobile-Mobile,Tower_Mumbai_Central
1745,7654321098,7123456789,2024-01-19T23:37:00,522,Mobile-Mobile,Tower_Mumbai_Central
1746,7654321098,7123456789,2024-01-19T15:51:00,635,Mobile-Mobile,Tower_Delhi_Central
1747,7654321098,7123456789,2024-01-19T21:28:00,196,Mobile-Mobile,Tower_Bangalore
1748,7654321098,7123456789,2024-01-19T16:59:00,822,Mobile-Mobile,Tower_Bangalore
1749,7654321098,7123456789,2024-01-19T17:14:00,290,Mobile-Mobile,Tower_Bangalore
1750,7654321098,7123456789,2024-01-19T12:51:00,1176,Mobile-Mobile,Tower_Mumbai_Central
1751,7654321098,7123456789,2024-01-19T23:29:00,1108,Mobile-Mobile,Tower_Bangalore
1752,7654321098,7123456789,2024-01-19T02:50:00,299,Mobile-Mobile,Tower_Delhi_Central
1753,7654321098,7123456789,2024-01-19T02:35:00,440,Mobile-Mobile,Tower_Delhi_Central
1754,7654321098,7123456789,2024-01-19T09:01:00,30,Mobile-Mobile,Tower_Mumbai_Central
1755,7654321098,7123456789,2024-01-19T02:25:00,804,Mobile-Mobile,Tower_Delhi_Central
1756,7654321098,7123456789,2024-01-19T21:39:00,969,Mobile-Mobile,Tower_Mumbai_Central
1757,7654321098,7123456789,2024-01-19T17:57:00,388,Mobile-Mobile,Tower_Bangalore
1758,7123456789,7654321098,2024-01-19T01:06:00,738,Mobile-Mobile,Tower_Mumbai_Central
1759,7123456789,7654321098,2024-01-19T11:30:00,169,Mobile-Mobile,Tower_Mumbai_Central
1760,7123456789,7654321098,2024-01-19T20:45:00,417,Mobile-Mobile,Tower_Delhi_Central
1761,7123456789,7654321098,2024-01-19T17:59:00,1060,Mobile-Mobile,Tower_Mumbai_Central
1762,7123456789,7654321098,2024-01-19T16:24:00,190,Mobile-Mobile,Tower_Bangalore
1763,7123456789,7654321098,2024-01-19T23:25:00,453,Mobile-Mobile,Tower_UP_Kanpur
1764,7123456789,7654321098,2024-01-19T23:33:00,939,Mobile-Mobile,Tower_Delhi_Central
1765,7123456789,7654321098,2024-01-19T03:01:00,939,Mobile-Mobile,Tower_Delhi_Central
1766,7123456789,7654321098,2024-01-19T02:06:00,1009,Mobile-Mobile,Tower_Delhi_Central
1767,7123456789,7654321098,2024-01-19T01:52:00,426,Mobile-Mobile,Tower_Bangalore
1768,7123456789,7654321098,2024-01-19T23:18:00,656,Mobile-Mobile,Tower_Bangalore
1769,7123456789,7654321098,2024-01-19T11:22:00,1109,Mobile-Mobile,Tower_Mumbai_Central
1770,7123456789,7654321098,2024-01-19T21:17:00,1171,Mobile-Mobile,Tower_Delhi_Central
1771,7123456789,7654321098,2024-01-19T02:28:00,279,Mobile-Mobile,Tower_Bangalore
1772,7123456789,7654321098,2024-01-19T02:34:00,422,Mobile-Mobile,Tower_Delhi_Central
1773,7123456789,7654321098,2024-01-19T15:09:00,560,Mobile-Mobile,Tower_Mumbai_Central
1774,6543210987,6234567890,2024-01-19T03:36:00,987,Mobile-Mobile,Tower_Bangalore
1775,6543210987,6234567890,2024-01-19T03:34:00,799,Mobile-Mobile,Tower_Delhi_Central
1776,6543210987,6234567890,2024-01-19T13:56:00,991,Mobile-Mobile,Tower_Mumbai_Central
1777,6543210987,6234567890,2024-01-19T18:37:00,213,Mobile-Mobile,Tower_UP_Kanpur
1778,6543210987,6234567890,2024-01-19T11:40:00,948,Mobile-Mobile,Tower_Mumbai_Central
1779,6543210987,6234567890,2024-01-19T12:06:00,1009,Mobile-Mobile,Tower_Bangalore
1780,6543210987,6234567890,2024-01-19T10:31:00,1039,Mobile-Mobile,Tower_Bangalore
1781,6543210987,6234567890,2024-01-19T20:29:00,945,Mobile-Mobile,Tower_UP_Kanpur
1782,6543210987,6234567890,2024-01-19T16:25:00,366,Mobile-Mobile,Tower_Bangalore
1783,9876543210,9123456789,2024-01-20T16:03:00,243,Mobile-Mobile,Tower_Bangalore
1784,9876543210,9123456789,2024-01-20T15:17:00,811,Mobile-Mobile,Tower_Mumbai_Central
1785,9876543210,9123456789,2024-01-20T16:35:00,78,Mobile-Mobile,Tower_UP_Kanpur
1786,9876543210,9123456789,2024-01-20T01:23:00,250,Mobile-Mobile,Tower_Mumbai_Central
1787,9876543210,9123456789,2024-01-20T23:53:00,212,Mobile-Mobile,Tower_Delhi_Central
1788,9876543210,9123456789,2024-01-20T20:43:00,515,Mobile-Mobile,Tower_Mumbai_Central
1789,9876543210,8765432109,2024-01-20T23:11:00,800,Mobile-Mobile,Tower_Mumbai_Central
1790,9876543210,8765432109,2024-01-20T17:20:00,1047,Mobile-Mobile,Tower_Mumbai_Central
1791,9876543210,8765432109,2024-01-20T18:41:00,870,Mobile-Mobile,Tower_Bangalore
1792,9876543210,8765432109,2024-01-20T23:28:00,983,Mobile-Mobile,Tower_Mumbai_Central
1793,9876543210,8765432109,2024-01-20T18:42:00,278,Mobile-Mobile,Tower_Mumbai_Central
1794,9876543210,8765432109,2024-01-20T16:55:00,420,Mobile-Mobile,Tower_Delhi_Central
1795,9876543210,8765432109,2024-01-20T17:58:00,777,Mobile-Mobile,Tower_Delhi_Central
1796,9876543210,8765432109,2024-01-20T09:40:00,71,Mobile-Mobile,Tower_Mumbai_Central
1797,9876543210,8765432109,2024-01-20T03:59:00,864,Mobile-Mobile,Tower_UP_Kanpur
1798,9876543210,7654321098,2024-01-20T14:04:00,550,Mobile-Mobile,Tower_Delhi_Central
1799,9876543210,7654321098,2024-01-20T01:19:00,609,Mobile-Mobile,Tower_Delhi_Central
1800,9876543210,7654321098,2024-01-20T10:48:00,111,Mobile-Mobile,Tower_Mumbai_Central
1801,9876543210,7654321098,2024-01-20T03:40:00,565,Mobile-Mobile,Tower_Bangalore
1802,9876543210,7654321098,2024-01-20T11:23:00,653,Mobile-Mobile,Tower_Bangalore
1803,9876543210,7654321098,2024-01-20T23:20:00,149,Mobile-Mobile,Tower_Bangalore
1804,9876543210,7654321098,2024-01-20T01:53:00,101,Mobile-Mobile,Tower_Delhi_Central
1805,9876543210,7654321098,2024-01-20T03:54:00,987,Mobile-Mobile,Tower_Delhi_Central
1806,9123456789,9876543210,2024-01-20T15:25:00,734,Mobile-Mobile,Tower_UP_Kanpur
1807,9123456789,9876543210,2024-01-20T18:50:00,639,Mobile-Mobile,Tower_Mumbai_Central
1808,9123456789,9876543210,2024-01-20T02:48:00,638,Mobile-Mobile,Tower_Delhi_Central
1809,9123456789,9876543210,2024-01-20T02:49:00,950,Mobile-Mobile,Tower_Delhi_Central
1810,9123456789,9876543210,2024-01-20T23:08:00,566,Mobile-Mobile,Tower_Delhi_Central
1811,9123456789,9876543210,2024-01-20T20:10:00,331,Mobile-Mobile,Tower_Mumbai_Central
1812,9123456789,9876543210,2024-01-20T13:09:00,1113,Mobile-Mobile,Tower_Delhi_Central
1813,9123456789,9876543210,2024-01-20T17:57:00,658,Mobile-Mobile,Tower_Mumbai_Central
1814,9123456789,9876543210,2024-01-20T01:53:00,940,Mobile-Mobile,Tower_Mumbai_Central
1815,9012345678,9876543210,2024-01-20T03:43:00,1067,Mobile-Mobile,Tower_Delhi_Central
1816,9012345678,9876543210,2024-01-20T17:03:00,276,Mobile-Mobile,Tower_Delhi_Central
1817,9012345678,9876543210,2024-01-20T23:30:00,415,Mobile-Mobile,Tower_Delhi_Central
1818,9012345678,9876543210,2024-01-20T09:01:00,153,Mobile-Mobile,Tower_Delhi_Central
1819,9012345678,9876543210,2024-01-20T13:35:00,329,Mobile-Mobile,Tower_UP_Kanpur
1820,9012345678,9876543210,2024-01-20T21:09:00,697,Mobile-Mobile,Tower_Mumbai_Central
1821,9012345678,9876543210,2024-01-20T13:43:00,704,Mobile-Mobile,Tower_Bangalore
1822,8765432109,8912345678,2024-01-20T19:56:00,447,Mobile-Mobile,Tower_UP_Kanpur
1823,8765432109,8912345678,2024-01-20T16:34:00,78,Mobile-Mobile,Tower_Mumbai_Central
1824,8765432109,8912345678,2024-01-20T03:52:00,97,Mobile-Mobile,Tower_Mumbai_Central
1825,8765432109,8912345678,2024-01-20T01:11:00,66,Mobile-Mobile,Tower_Bangalore
1826,8765432109,8912345678,2024-01-20T03:51:00,1031,Mobile-Mobile,Tower_Bangalore
1827,8765432109,8912345678,2024-01-20T16:58:00,158,Mobile-Mobile,Tower_Delhi_Central
1828,8765432109,8912345678,2024-01-20T14:26:00,813,Mobile-Mobile,Tower_Bangalore
1829,8765432109,8912345678,2024-01-20T23:01:00,946,Mobile-Mobile,Tower_Mumbai_Central
1830,8765432109,8912345678,2024-01-20T10:29:00,706,Mobile-Mobile,Tower_UP_Kanpur
1831,8765432109,8912345678,2024-01-20T03:25:00,57,Mobile-Mobile,Tower_Delhi_Central
1832,8765432109,8912345678,2024-01-20T02:01:00,370,Mobile-Mobile,Tower_UP_Kanpur
1833,8765432109,8912345678,2024-01-20T15:44:00,1115,Mobile-Mobile,Tower_Mumbai_Central
1834,8765432109,6543210987,2024-01-20T09:51:00,938,Mobile-Mobile,Tower_Delhi_Central
1835,8765432109,6543210987,2024-01-20T10:56:00,877,Mobile-Mobile,Tower_Mumbai_Central
1836,8765432109,6543210987,2024-01-20T10:25:00,172,Mobile-Mobile,Tower_Bangalore
1837,8765432109,6543210987,2024-01-20T18:33:00,189,Mobile-Mobile,Tower_UP_Kanpur
1838,8765432109,6543210987,2024-01-20T15:16:00,956,Mobile-Mobile,Tower_Mumbai_Central
1839,8765432109,6543210987,2024-01-20T15:42:00,155,Mobile-Mobile,Tower_Mumbai_Central
1840,8765432109,6543210987,2024-01-20T03:19:00,366,Mobile-Mobile,Tower_Delhi_Central
1841,8765432109,6543210987,2024-01-20T13:35:00,41,Mobile-Mobile,Tower_UP_Kanpur
1842,8765432109,6543210987,2024-01-20T23:57:00,982,Mobile-Mobile,Tower_Delhi_Central
1843,7654321098,7123456789,2024-01-20T11:55:00,771,Mobile-Mobile,Tower_UP_Kanpur
1844,7654321098,7123456789,2024-01-20T10:30:00,492,Mobile-Mobile,Tower_Mumbai_Central
1845,7654321098,7123456789,2024-01-20T14:35:00,811,Mobile-Mobile,Tower_UP_Kanpur
1846,7654321098,7123456789,2024-01-20T18:36:00,776,Mobile-Mobile,Tower_Bangalore
1847,7654321098,7123456789,2024-01-20T01:28:00,1132,Mobile-Mobile,Tower_Delhi_Central
1848,7654321098,7123456789,2024-01-20T01:44:00,827,Mobile-Mobile,Tower_Bangalore
1849,7654321098,7123456789,2024-01-20T02:28:00,74,Mobile-Mobile,Tower_Mumbai_Central
1850,7654321098,7123456789,2024-01-20T10:23:00,634,Mobile-Mobile,Tower_Mumbai_Central
1851,7654321098,7123456789,2024-01-20T02:38:00,372,Mobile-Mobile,Tower_Delhi_Central
1852,7654321098,7123456789,2024-01-20T19:13:00,425,Mobile-Mobile,Tower_UP_Kanpur
1853,7654321098,7123456789,2024-01-20T01:54:00,479,Mobile-Mobile,Tower_Delhi_Central
1854,7654321098,7123456789,2024-01-20T02:19:00,452,Mobile-Mobile,Tower_Mumbai_Central
1855,7654321098,7123456789,2024-01-20T17:09:00,58,Mobile-Mobile,Tower_Delhi_Central
1856,7123456789,7654321098,2024-01-20T17:29:00,370,Mobile-Mobile,Tower_Mumbai_Central
1857,7123456789,7654321098,2024-01-20T13:20:00,1040,Mobile-Mobile,Tower_Bangalore
1858,7123456789,7654321098,2024-01-20T19:42:00,457,Mobile-Mobile,Tower_UP_Kanpur
1859,7123456789,7654321098,2024-01-20T10:08:00,1019,Mobile-Mobile,Tower_Mumbai_Central
1860,7123456789,7654321098,2024-01-20T21:53:00,808,Mobile-Mobile,Tower_UP_Kanpur
1861,7123456789,7654321098,2024-01-20T14:20:00,827,Mobile-Mobile,Tower_Bangalore
1862,7123456789,7654321098,2024-01-20T14:33:00,787,Mobile-Mobile,Tower_Delhi_Central
1863,7123456789,7654321098,2024-01-20T11:18:00,146,Mobile-Mobile,Tower_UP_Kanpur
1864,7123456789,7654321098,2024-01-20T12:08:00,1188,Mobile-Mobile,Tower_Mumbai_Central
1865,7123456789,7654321098,2024-01-20T20:44:00,589,Mobile-Mobile,Tower_Mumbai_Central
1866,7123456789,7654321098,2024-01-20T11:21:00,283,Mobile-Mobile,Tower_Mumbai_Central
1867,7123456789,7654321098,2024-01-20T13:54:00,526,Mobile-Mobile,Tower_Mumbai_Central
1868,7123456789,7654321098,2024-01-20T21:24:00,541,Mobile-Mobile,Tower_UP_Kanpur
1869,7123456789,7654321098,2024-01-20T03:10:00,364,Mobile-Mobile,Tower_Delhi_Central
1870,6543210987,6234567890,2024-01-20T02:42:00,592,Mobile-Mobile,Tower_Delhi_Central
1871,6543210987,6234567890,2024-01-20T23:02:00,1089,Mobile-Mobile,Tower_UP_Kanpur
1872,6543210987,6234567890,2024-01-20T09:01:00,255,Mobile-Mobile,Tower_Bangalore
1873,6543210987,6234567890,2024-01-20T14:19:00,342,Mobile-Mobile,Tower_Bangalore
1874,6543210987,6234567890,2024-01-20T09:02:00,343,Mobile-Mobile,Tower_Bangalore
1875,6543210987,6234567890,2024-01-20T23:25:00,1157,Mobile-Mobile,Tower_UP_Kanpur
1876,6543210987,6234567890,2024-01-20T01:57:00,544,Mobile-Mobile,Tower_Bangalore
1877,6543210987,6234567890,2024-01-20T23:01:00,266,Mobile-Mobile,Tower_UP_Kanpur
1878,6543210987,6234567890,2024-01-20T09:22:00,301,Mobile-Mobile,Tower_Delhi_Central
1879,6543210987,6234567890,2024-01-20T21:07:00,900,Mobile-Mobile,Tower_UP_Kanpur
1880,6543210987,6234567890,2024-01-20T10:36:00,1133,Mobile-Mobile,Tower_Delhi_Central
1881,6543210987,6234567890,2024-01-20T02:17:00,279,Mobile-Mobile,Tower_Delhi_Central
1882,9876543210,9123456789,2024-01-21T01:12:00,239,Mobile-Mobile,Tower_UP_Kanpur
1883,9876543210,9123456789,2024-01-21T03:51:00,916,Mobile-Mobile,Tower_Mumbai_Central
1884,9876543210,9123456789,2024-01-21T18:53:00,315,Mobile-Mobile,Tower_UP_Kanpur
1885,9876543210,9123456789,2024-01-21T23:43:00,285,Mobile-Mobile,Tower_UP_Kanpur
1886,9876543210,9123456789,2024-01-21T10:39:00,690,Mobile-Mobile,Tower_UP_Kanpur
1887,9876543210,9123456789,2024-01-21T14:32:00,849,Mobile-Mobile,Tower_UP_Kanpur
1888,9876543210,9123456789,2024-01-21T17:04:00,349,Mobile-Mobile,Tower_Bangalore
1889,9876543210,8765432109,2024-01-21T09:01:00,390,Mobile-Mobile,Tower_Delhi_Central
1890,9876543210,8765432109,2024-01-21T23:12:00,1173,Mobile-Mobile,Tower_Mumbai_Central
1891,9876543210,8765432109,2024-01-21T23:00:00,1111,Mobile-Mobile,Tower_Mumbai_Central
1892,9876543210,8765432109,2024-01-21T23:43:00,358,Mobile-Mobile,Tower_Mumbai_Central
1893,9876543210,8765432109,2024-01-21T03:50:00,1146,Mobile-Mobile,Tower_Delhi_Central
1894,9876543210,8765432109,2024-01-21T09:36:00,493,Mobile-Mobile,Tower_UP_Kanpur
1895,9876543210,8765432109,2024-01-21T23:30:00,973,Mobile-Mobile,Tower_Delhi_Central
1896,9876543210,8765432109,2024-01-21T01:39:00,749,Mobile-Mobile,Tower_Delhi_Central
1897,9876543210,8765432109,2024-01-21T03:14:00,711,Mobile-Mobile,Tower_Mumbai_Central
1898,9876543210,7654321098,2024-01-21T02:19:00,527,Mobile-Mobile,Tower_UP_Kanpur
1899,9876543210,7654321098,2024-01-21T18:53:00,894,Mobile-Mobile,Tower_Mumbai_Central
1900,9876543210,7654321098,2024-01-21T12:08:00,689,Mobile-Mobile,Tower_Delhi_Central
1901,9876543210,7654321098,2024-01-21T11:53:00,184,Mobile-Mobile,Tower_Mumbai_Central
1902,9876543210,7654321098,2024-01-21T18:08:00,901,Mobile-Mobile,Tower_Delhi_Central
1903,9876543210,7654321098,2024-01-21T23:06:00,683,Mobile-Mobile,Tower_Mumbai_Central
1904,9876543210,7654321098,2024-01-21T03:09:00,677,Mobile-Mobile,Tower_Delhi_Central
1905,9876543210,7654321098,2024-01-21T02:49:00,275,Mobile-Mobile,Tower_Bangalore
1906,9123456789,9876543210,2024-01-21T10:35:00,1176,Mobile-Mobile,Tower_Mumbai_Central
1907,9123456789,9876543210,2024-01-21T14:15:00,553,Mobile-Mobile,Tower_Bangalore
1908,9123456789,9876543210,2024-01-21T21:49:00,1099,Mobile-Mobile,Tower_Bangalore
1909,9123456789,9876543210,2024-01-21T16:14:00,915,Mobile-Mobile,Tower_Mumbai_Central
1910,9123456789,9876543210,2024-01-21T15:18:00,952,Mobile-Mobile,Tower_Mumbai_Central
1911,9123456789,9876543210,2024-01-21T13:48:00,420,Mobile-Mobile,Tower_UP_Kanpur
1912,9123456789,9876543210,2024-01-21T01:33:00,325,Mobile-Mobile,Tower_Mumbai_Central
1913,9123456789,9876543210,2024-01-21T21:28:00,114,Mobile-Mobile,Tower_UP_Kanpur
1914,9123456789,9876543210,2024-01-21T02:59:00,1013,Mobile-Mobile,Tower_Delhi_Central
1915,9123456789,9876543210,2024-01-21T19:24:00,812,Mobile-Mobile,Tower_Delhi_Central
1916,9012345678,9876543210,2024-01-21T02:22:00,990,Mobile-Mobile,Tower_Mumbai_Central
1917,9012345678,9876543210,2024-01-21T03:40:00,480,Mobile-Mobile,Tower_Delhi_Central
1918,9012345678,9876543210,2024-01-21T11:00:00,65,Mobile-Mobile,Tower_Mumbai_Central
1919,9012345678,9876543210,2024-01-21T17:36:00,637,Mobile-Mobile,Tower_Mumbai_Central
1920,8765432109,8912345678,2024-01-21T02:29:00,770,Mobile-Mobile,Tower_Delhi_Central
1921,8765432109,8912345678,2024-01-21T20:40:00,555,Mobile-Mobile,Tower_UP_Kanpur
1922,8765432109,8912345678,2024-01-21T19:38:00,324,Mobile-Mobile,Tower_Delhi_Central
1923,8765432109,8912345678,2024-01-21T19:48:00,998,Mobile-Mobile,Tower_Bangalore
1924,8765432109,8912345678,2024-01-21T16:50:00,118,Mobile-Mobile,Tower_Delhi_Central
1925,8765432109,8912345678,2024-01-21T02:59:00,1089,Mobile-Mobile,Tower_UP_Kanpur
1926,8765432109,8912345678,2024-01-21T10:14:00,680,Mobile-Mobile,Tower_Bangalore
1927,8765432109,8912345678,2024-01-21T19:18:00,728,Mobile-Mobile,Tower_Delhi_Central
1928,8765432109,8912345678,2024-01-21T02:53:00,391,Mobile-Mobile,Tower_UP_Kanpur
1929,8765432109,8912345678,2024-01-21T23:08:00,588,Mobile-Mobile,Tower_UP_Kanpur
1930,8765432109,6543210987,2024-01-21T03:58:00,805,Mobile-Mobile,Tower_Mumbai_Central
1931,8765432109,6543210987,2024-01-21T18:03:00,1168,Mobile-Mobile,Tower_Mumbai_Central
1932,8765432109,6543210987,2024-01-21T23:41:00,796,Mobile-Mobile,Tower_UP_Kanpur
1933,8765432109,6543210987,2024-01-21T10:09:00,609,Mobile-Mobile,Tower_Mumbai_Central
1934,8765432109,6543210987,2024-01-21T19:38:00,824,Mobile-Mobile,Tower_Delhi_Central
1935,8765432109,6543210987,2024-01-21T14:03:00,1111,Mobile-Mobile,Tower_Mumbai_Central
1936,8765432109,6543210987,2024-01-21T23:00:00,385,Mobile-Mobile,Tower_Mumbai_Central
1937,8765432109,6543210987,2024-01-21T02:26:00,588,Mobile-Mobile,Tower_Mumbai_Central
1938,8765432109,6543210987,2024-01-21T15:07:00,532,Mobile-Mobile,Tower_Delhi_Central
1939,8765432109,6543210987,2024-01-21T03:34:00,355,Mobile-Mobile,Tower_Bangalore
1940,7654321098,7123456789,2024-01-21T23:28:00,334,Mobile-Mobile,Tower_UP_Kanpur
1941,7654321098,7123456789,2024-01-21T09:14:00,693,Mobile-Mobile,Tower_Bangalore
1942,7654321098,7123456789,2024-01-21T19:30:00,1007,Mobile-Mobile,Tower_Delhi_Central
1943,7654321098,7123456789,2024-01-21T03:14:00,589,Mobile-Mobile,Tower_Delhi_Central
1944,7654321098,7123456789,2024-01-21T17:07:00,360,Mobile-Mobile,Tower_UP_Kanpur
1945,7654321098,7123456789,2024-01-21T01:46:00,326,Mobile-Mobile,Tower_UP_Kanpur
1946,7654321098,7123456789,2024-01-21T23:30:00,634,Mobile-Mobile,Tower_Bangalore
1947,7654321098,7123456789,2024-01-21T17:13:00,1048,Mobile-Mobile,Tower_UP_Kanpur
1948,7654321098,7123456789,2024-01-21T09:54:00,728,Mobile-Mobile,Tower_UP_Kanpur
1949,7654321098,7123456789,2024-01-21T02:02:00,72,Mobile-Mobile,Tower_Delhi_Central
1950,7654321098,7123456789,2024-01-21T17:36:00,1017,Mobile-Mobile,Tower_UP_Kanpur
1951,7654321098,7123456789,2024-01-21T21:56:00,490,Mobile-Mobile,Tower_Bangalore
1952,7654321098,7123456789,2024-01-21T09:59:00,1018,Mobile-Mobile,Tower_Delhi_Central
1953,7654321098,7123456789,2024-01-21T14:59:00,480,Mobile-Mobile,Tower_UP_Kanpur
1954,7654321098,7123456789,2024-01-21T02:47:00,408,Mobile-Mobile,Tower_Delhi_Central
1955,7123456789,7654321098,2024-01-21T09:32:00,1128,Mobile-Mobile,Tower_Delhi_Central
1956,7123456789,7654321098,2024-01-21T01:57:00,977,Mobile-Mobile,Tower_Mumbai_Central
1957,7123456789,7654321098,2024-01-21T12:59:00,646,Mobile-Mobile,Tower_Delhi_Central
1958,7123456789,7654321098,2024-01-21T03:03:00,438,Mobile-Mobile,Tower_Delhi_Central
1959,7123456789,7654321098,2024-01-21T01:29:00,1026,Mobile-Mobile,Tower_Mumbai_Central
1960,7123456789,7654321098,2024-01-21T20:50:00,687,Mobile-Mobile,Tower_Delhi_Central
1961,7123456789,7654321098,2024-01-21T14:27:00,222,Mobile-Mobile,Tower_Mumbai_Central
1962,7123456789,7654321098,2024-01-21T09:44:00,339,Mobile-Mobile,Tower_UP_Kanpur
1963,7123456789,7654321098,2024-01-21T14:31:00,450,Mobile-Mobile,Tower_Delhi_Central
1964,7123456789,7654321098,2024-01-21T01:57:00,382,Mobile-Mobile,Tower_UP_Kanpur
1965,7123456789,7654321098,2024-01-21T14:53:00,256,Mobile-Mobile,Tower_Delhi_Central
1966,7123456789,7654321098,2024-01-21T20:12:00,445,Mobile-Mobile,Tower_Delhi_Central
1967,7123456789,7654321098,2024-01-21T10:45:00,696,Mobile-Mobile,Tower_Delhi_Central
1968,7123456789,7654321098,2024-01-21T10:15:00,640,Mobile-Mobile,Tower_Bangalore
1969,7123456789,7654321098,2024-01-21T16:56:00,754,Mobile-Mobile,Tower_Mumbai_Central
1970,7123456789,7654321098,2024-01-21T03:34:00,194,Mobile-Mobile,Tower_Mumbai_Central
1971,7123456789,7654321098,2024-01-21T20:11:00,1023,Mobile-Mobile,Tower_Bangalore
1972,7123456789,7654321098,2024-01-21T02:21:00,348,Mobile-Mobile,Tower_UP_Kanpur
1973,6543210987,6234567890,2024-01-21T21:08:00,1067,Mobile-Mobile,Tower_Bangalore
1974,6543210987,6234567890,2024-01-21T17:02:00,1113,Mobile-Mobile,Tower_Delhi_Central
1975,6543210987,6234567890,2024-01-21T23:57:00,553,Mobile-Mobile,Tower_Mumbai_Central
1976,6543210987,6234567890,2024-01-21T03:34:00,195,Mobile-Mobile,Tower_UP_Kanpur
1977,6543210987,6234567890,2024-01-21T10:14:00,231,Mobile-Mobile,Tower_UP_Kanpur
1978,6543210987,6234567890,2024-01-21T02:52:00,683,Mobile-Mobile,Tower_Mumbai_Central
1979,6543210987,6234567890,2024-01-21T12:51:00,1075,Mobile-Mobile,Tower_Delhi_Central
1980,6543210987,6234567890,2024-01-21T09:49:00,1102,Mobile-Mobile,Tower_Mumbai_Central
1981,6543210987,6234567890,2024-01-21T12:00:00,236,Mobile-Mobile,Tower_Mumbai_Central
1982,6543210987,6234567890,2024-01-21T01:06:00,553,Mobile-Mobile,Tower_Mumbai_Central
1983,6543210987,6234567890,2024-01-21T01:07:00,1035,Mobile-Mobile,Tower_UP_Kanpur
1984,6543210987,6234567890,2024-01-21T20:29:00,1156,Mobile-Mobile,Tower_Delhi_Central
1985,9876543210,9123456789,2024-01-22T23:20:00,941,Mobile-Mobile,Tower_Bangalore
1986,9876543210,9123456789,2024-01-22T10:18:00,882,Mobile-Mobile,Tower_Mumbai_Central
1987,9876543210,9123456789,2024-01-22T03:33:00,1004,Mobile-Mobile,Tower_Bangalore
1988,9876543210,9123456789,2024-01-22T03:38:00,419,Mobile-Mobile,Tower_Mumbai_Central
1989,9876543210,9123456789,2024-01-22T02:36:00,152,Mobile-Mobile,Tower_Bangalore
1990,9876543210,9123456789,2024-01-22T03:52:00,680,Mobile-Mobile,Tower_Mumbai_Central
1991,9876543210,9123456789,2024-01-22T03:48:00,1167,Mobile-Mobile,Tower_Delhi_Central
1992,9876543210,9123456789,2024-01-22T18:24:00,1062,Mobile-Mobile,Tower_Delhi_Central
1993,9876543210,8765432109,2024-01-22T23:38:00,561,Mobile-Mobile,Tower_UP_Kanpur
1994,9876543210,8765432109,2024-01-22T15:01:00,888,Mobile-Mobile,Tower_Delhi_Central
1995,9876543210,8765432109,2024-01-22T02:18:00,863,Mobile-Mobile,Tower_UP_Kanpur
1996,9876543210,8765432109,2024-01-22T03:31:00,119,Mobile-Mobile,Tower_Mumbai_Central
1997,9876543210,8765432109,2024-01-22T21:25:00,755,Mobile-Mobile,Tower_Bangalore
1998,9876543210,7654321098,2024-01-22T02:05:00,635,Mobile-Mobile,Tower_Bangalore
1999,9876543210,7654321098,2024-01-22T17:51:00,769,Mobile-Mobile,Tower_UP_Kanpur
2000,9876543210,7654321098,2024-01-22T16:44:00,1158,Mobile-Mobile,Tower_Mumbai_Central
2001,9876543210,7654321098,2024-01-22T23:17:00,875,Mobile-Mobile,Tower_Bangalore
2002,9123456789,9876543210,2024-01-22T13:06:00,1025,Mobile-Mobile,Tower_Mumbai_Central
2003,9123456789,9876543210,2024-01-22T11:24:00,797,Mobile-Mobile,Tower_Delhi_Central
2004,9123456789,9876543210,2024-01-22T01:51:00,467,Mobile-Mobile,Tower_Delhi_Central
2005,9123456789,9876543210,2024-01-22T03:36:00,804,Mobile-Mobile,Tower_Mumbai_Central
2006,9123456789,9876543210,2024-01-22T19:20:00,102,Mobile-Mobile,Tower_Bangalore
2007,9123456789,9876543210,2024-01-22T12:45:00,741,Mobile-Mobile,Tower_UP_Kanpur
2008,9123456789,9876543210,2024-01-22T20:49:00,665,Mobile-Mobile,Tower_Mumbai_Central
2009,9123456789,9876543210,2024-01-22T02:47:00,211,Mobile-Mobile,Tower_Mumbai_Central
2010,9123456789,9876543210,2024-01-22T19:52:00,653,Mobile-Mobile,Tower_Delhi_Central
2011,9123456789,9876543210,2024-01-22T09:56:00,44,Mobile-Mobile,Tower_Bangalore
2012,9012345678,9876543210,2024-01-22T23:45:00,139,Mobile-Mobile,Tower_UP_Kanpur
2013,9012345678,9876543210,2024-01-22T21:56:00,243,Mobile-Mobile,Tower_Bangalore
2014,9012345678,9876543210,2024-01-22T12:27:00,666,Mobile-Mobile,Tower_Bangalore
2015,9012345678,9876543210,2024-01-22T02:07:00,330,Mobile-Mobile,Tower_Mumbai_Central
2016,9012345678,9876543210,2024-01-22T20:50:00,1075,Mobile-Mobile,Tower_UP_Kanpur
2017,9012345678,9876543210,2024-01-22T15:16:00,748,Mobile-Mobile,Tower_Delhi_Central
2018,9012345678,9876543210,2024-01-22T01:56:00,995,Mobile-Mobile,Tower_Mumbai_Central
2019,8765432109,8912345678,2024-01-22T20:02:00,663,Mobile-Mobile,Tower_Bangalore
2020,8765432109,8912345678,2024-01-22T10:38:00,712,Mobile-Mobile,Tower_Bangalore
2021,8765432109,8912345678,2024-01-22T21:13:00,172,Mobile-Mobile,Tower_UP_Kanpur
2022,8765432109,8912345678,2024-01-22T19:24:00,554,Mobile-Mobile,Tower_Delhi_Central
2023,8765432109,8912345678,2024-01-22T20:21:00,480,Mobile-Mobile,Tower_Mumbai_Central
2024,8765432109,8912345678,2024-01-22T13:27:00,118,Mobile-Mobile,Tower_Mumbai_Central
2025,8765432109,8912345678,2024-01-22T17:36:00,171,Mobile-Mobile,Tower_Mumbai_Central
2026,8765432109,8912345678,2024-01-22T02:06:00,443,Mobile-Mobile,Tower_Bangalore
2027,8765432109,8912345678,2024-01-22T01:03:00,563,Mobile-Mobile,Tower_Delhi_Central
2028,8765432109,8912345678,2024-01-22T03:37:00,1167,Mobile-Mobile,Tower_UP_Kanpur
2029,8765432109,8912345678,2024-01-22T14:00:00,725,Mobile-Mobile,Tower_Mumbai_Central
2030,8765432109,8912345678,2024-01-22T23:06:00,379,Mobile-Mobile,Tower_Mumbai_Central
2031,8765432109,6543210987,2024-01-22T02:05:00,93,Mobile-Mobile,Tower_UP_Kanpur
2032,8765432109,6543210987,2024-01-22T10:46:00,910,Mobile-Mobile,Tower_Bangalore
2033,8765432109,6543210987,2024-01-22T19:36:00,282,Mobile-Mobile,Tower_Bangalore
2034,8765432109,6543210987,2024-01-22T21:38:00,965,Mobile-Mobile,Tower_Bangalore
2035,8765432109,6543210987,2024-01-22T03:38:00,784,Mobile-Mobile,Tower_Bangalore
2036,8765432109,6543210987,2024-01-22T17:26:00,1132,Mobile-Mobile,Tower_UP_Kanpur
2037,8765432109,6543210987,2024-01-22T10:28:00,222,Mobile-Mobile,Tower_UP_Kanpur
2038,8765432109,6543210987,2024-01-22T23:02:00,618,Mobile-Mobile,Tower_Bangalore
2039,8765432109,6543210987,2024-01-22T18:42:00,297,Mobile-Mobile,Tower_Mumbai_Central
2040,8765432109,6543210987,2024-01-22T21:00:00,1039,Mobile-Mobile,Tower_Bangalore
2041,7654321098,7123456789,2024-01-22T02:25:00,1111,Mobile-Mobile,Tower_Delhi_Central
2042,7654321098,7123456789,2024-01-22T01:34:00,290,Mobile-Mobile,Tower_Mumbai_Central
2043,7654321098,7123456789,2024-01-22T17:10:00,683,Mobile-Mobile,Tower_Delhi_Central
2044,7654321098,7123456789,2024-01-22T09:52:00,196,Mobile-Mobile,Tower_Delhi_Central
2045,7654321098,7123456789,2024-01-22T01:38:00,321,Mobile-Mobile,Tower_Mumbai_Central
2046,7654321098,7123456789,2024-01-22T01:53:00,419,Mobile-Mobile,Tower_Mumbai_Central
2047,7654321098,7123456789,2024-01-22T03:29:00,194,Mobile-Mobile,Tower_Bangalore
2048,7654321098,7123456789,2024-01-22T10:54:00,1065,Mobile-Mobile,Tower_Mumbai_Central
2049,7654321098,7123456789,2024-01-22T21:35:00,197,Mobile-Mobile,Tower_Delhi_Central
2050,7654321098,7123456789,2024-01-22T20:49:00,152,Mobile-Mobile,Tower_Delhi_Central
2051,7654321098,7123456789,2024-01-22T12:27:00,982,Mobile-Mobile,Tower_Bangalore
2052,7654321098,7123456789,2024-01-22T03:31:00,1056,Mobile-Mobile,Tower_Bangalore
2053,7654321098,7123456789,2024-01-22T12:12:00,604,Mobile-Mobile,Tower_UP_Kanpur
2054,7654321098,7123456789,2024-01-22T01:58:00,757,Mobile-Mobile,Tower_Mumbai_Central
2055,7654321098,7123456789,2024-01-22T02:37:00,311,Mobile-Mobile,Tower_Bangalore
2056,7123456789,7654321098,2024-01-22T01:47:00,381,Mobile-Mobile,Tower_Delhi_Central
2057,7123456789,7654321098,2024-01-22T18:58:00,150,Mobile-Mobile,Tower_Mumbai_Central
2058,7123456789,7654321098,2024-01-22T14:16:00,521,Mobile-Mobile,Tower_UP_Kanpur
2059,7123456789,7654321098,2024-01-22T14:55:00,86,Mobile-Mobile,Tower_Delhi_Central
2060,7123456789,7654321098,2024-01-22T03:21:00,967,Mobile-Mobile,Tower_Mumbai_Central
2061,7123456789,7654321098,2024-01-22T02:03:00,875,Mobile-Mobile,Tower_Delhi_Central
2062,7123456789,7654321098,2024-01-22T12:31:00,662,Mobile-Mobile,Tower_Delhi_Central
2063,7123456789,7654321098,2024-01-22T01:56:00,291,Mobile-Mobile,Tower_Delhi_Central
2064,7123456789,7654321098,2024-01-22T21:22:00,1126,Mobile-Mobile,Tower_UP_Kanpur
2065,7123456789,7654321098,2024-01-22T21:56:00,246,Mobile-Mobile,Tower_Bangalore
2066,7123456789,7654321098,2024-01-22T09:18:00,819,Mobile-Mobile,Tower_UP_Kanpur
2067,7123456789,7654321098,2024-01-22T03:55:00,1185,Mobile-Mobile,Tower_UP_Kanpur
2068,7123456789,7654321098,2024-01-22T01:17:00,555,Mobile-Mobile,Tower_Delhi_Central
2069,7123456789,7654321098,2024-01-22T09:42:00,383,Mobile-Mobile,Tower_UP_Kanpur
2070,7123456789,7654321098,2024-01-22T21:41:00,152,Mobile-Mobile,Tower_Bangalore
2071,7123456789,7654321098,2024-01-22T15:28:00,136,Mobile-Mobile,Tower_Delhi_Central
2072,7123456789,7654321098,2024-01-22T03:25:00,402,Mobile-Mobile,Tower_Bangalore
2073,6543210987,6234567890,2024-01-22T14:34:00,747,Mobile-Mobile,Tower_Delhi_Central
2074,6543210987,6234567890,2024-01-22T03:29:00,368,Mobile-Mobile,Tower_Delhi_Central
2075,6543210987,6234567890,2024-01-22T17:08:00,984,Mobile-Mobile,Tower_UP_Kanpur
2076,6543210987,6234567890,2024-01-22T19:09:00,358,Mobile-Mobile,Tower_UP_Kanpur
2077,6543210987,6234567890,2024-01-22T09:58:00,370,Mobile-Mobile,Tower_Delhi_Central
2078,6543210987,6234567890,2024-01-22T02:20:00,345,Mobile-Mobile,Tower_Delhi_Central
2079,6543210987,6234567890,2024-01-22T23:34:00,607,Mobile-Mobile,Tower_Mumbai_Central
2080,9876543210,9123456789,2024-01-23T23:08:00,519,Mobile-Mobile,Tower_UP_Kanpur
2081,9876543210,9123456789,2024-01-23T18:23:00,708,Mobile-Mobile,Tower_Mumbai_Central
2082,9876543210,9123456789,2024-01-23T02:55:00,323,Mobile-Mobile,Tower_Bangalore
2083,9876543210,9123456789,2024-01-23T23:05:00,394,Mobile-Mobile,Tower_Delhi_Central
2084,9876543210,9123456789,2024-01-23T17:48:00,111,Mobile-Mobile,Tower_Mumbai_Central
2085,9876543210,9123456789,2024-01-23T14:09:00,319,Mobile-Mobile,Tower_Mumbai_Central
2086,9876543210,9123456789,2024-01-23T20:35:00,407,Mobile-Mobile,Tower_Delhi_Central
2087,9876543210,9123456789,2024-01-23T01:51:00,979,Mobile-Mobile,Tower_Bangalore
2088,9876543210,9123456789,2024-01-23T21:27:00,280,Mobile-Mobile,Tower_Mumbai_Central
2089,9876543210,8765432109,2024-01-23T03:32:00,714,Mobile-Mobile,Tower_Mumbai_Central
2090,9876543210,8765432109,2024-01-23T09:40:00,45,Mobile-Mobile,Tower_Mumbai_Central
2091,9876543210,8765432109,2024-01-23T20:18:00,304,Mobile-Mobile,Tower_Bangalore
2092,9876543210,8765432109,2024-01-23T23:17:00,601,Mobile-Mobile,Tower_Bangalore
2093,9876543210,8765432109,2024-01-23T18:16:00,630,Mobile-Mobile,Tower_Delhi_Central
2094,9876543210,8765432109,2024-01-23T20:13:00,47,Mobile-Mobile,Tower_Mumbai_Central
2095,9876543210,7654321098,2024-01-23T16:11:00,1181,Mobile-Mobile,Tower_Mumbai_Central
2096,9876543210,7654321098,2024-01-23T20:19:00,798,Mobile-Mobile,Tower_Delhi_Central
2097,9876543210,7654321098,2024-01-23T23:38:00,1083,Mobile-Mobile,Tower_Bangalore
2098,9876543210,7654321098,2024-01-23T19:38:00,423,Mobile-Mobile,Tower_Bangalore
2099,9876543210,7654321098,2024-01-23T12:55:00,1075,Mobile-Mobile,Tower_Bangalore
2100,9876543210,7654321098,2024-01-23T20:04:00,926,Mobile-Mobile,Tower_Bangalore
2101,9123456789,9876543210,2024-01-23T11:27:00,584,Mobile-Mobile,Tower_Mumbai_Central
2102,9123456789,9876543210,2024-01-23T12:43:00,840,Mobile-Mobile,Tower_UP_Kanpur
2103,9123456789,9876543210,2024-01-23T18:33:00,537,Mobile-Mobile,Tower_UP_Kanpur
2104,9123456789,9876543210,2024-01-23T23:15:00,477,Mobile-Mobile,Tower_Delhi_Central
2105,9123456789,9876543210,2024-01-23T21:09:00,364,Mobile-Mobile,Tower_Bangalore
2106,9123456789,9876543210,2024-01-23T01:43:00,195,Mobile-Mobile,Tower_Bangalore
2107,9123456789,9876543210,2024-01-23T02:14:00,1104,Mobile-Mobile,Tower_Bangalore
2108,9123456789,9876543210,2024-01-23T01:07:00,539,Mobile-Mobile,Tower_Bangalore
2109,9012345678,9876543210,2024-01-23T09:51:00,41,Mobile-Mobile,Tower_Mumbai_Central
2110,9012345678,9876543210,2024-01-23T12:36:00,871,Mobile-Mobile,Tower_Bangalore
2111,9012345678,9876543210,2024-01-23T23:48:00,139,Mobile-Mobile,Tower_UP_Kanpur
2112,9012345678,9876543210,2024-01-23T17:10:00,1193,Mobile-Mobile,Tower_Mumbai_Central
2113,9012345678,9876543210,2024-01-23T17:48:00,862,Mobile-Mobile,Tower_Bangalore
2114,9012345678,9876543210,2024-01-23T01:13:00,115,Mobile-Mobile,Tower_Mumbai_Central
2115,9012345678,9876543210,2024-01-23T14:09:00,150,Mobile-Mobile,Tower_Mumbai_Central
2116,8765432109,8912345678,2024-01-23T02:46:00,85,Mobile-Mobile,Tower_Bangalore
2117,8765432109,8912345678,2024-01-23T20:07:00,541,Mobile-Mobile,Tower_UP_Kanpur
2118,8765432109,8912345678,2024-01-23T21:47:00,615,Mobile-Mobile,Tower_Bangalore
2119,8765432109,8912345678,2024-01-23T15:30:00,47,Mobile-Mobile,Tower_Mumbai_Central
2120,8765432109,8912345678,2024-01-23T03:32:00,209,Mobile-Mobile,Tower_UP_Kanpur
2121,8765432109,8912345678,2024-01-23T03:03:00,400,Mobile-Mobile,Tower_Bangalore
2122,8765432109,8912345678,2024-01-23T15:37:00,980,Mobile-Mobile,Tower_Mumbai_Central
2123,8765432109,8912345678,2024-01-23T02:27:00,1030,Mobile-Mobile,Tower_Mumbai_Central
2124,8765432109,8912345678,2024-01-23T20:40:00,558,Mobile-Mobile,Tower_UP_Kanpur
2125,8765432109,8912345678,2024-01-23T23:04:00,169,Mobile-Mobile,Tower_Mumbai_Central
2126,8765432109,8912345678,2024-01-23T11:42:00,968,Mobile-Mobile,Tower_UP_Kanpur
2127,8765432109,6543210987,2024-01-23T03:05:00,998,Mobile-Mobile,Tower_Mumbai_Central
2128,8765432109,6543210987,2024-01-23T18:05:00,270,Mobile-Mobile,Tower_Bangalore
2129,8765432109,6543210987,2024-01-23T13:43:00,1047,Mobile-Mobile,Tower_UP_Kanpur
2130,8765432109,6543210987,2024-01-23T03:49:00,1122,Mobile-Mobile,Tower_Mumbai_Central
2131,8765432109,6543210987,2024-01-23T14:12:00,1119,Mobile-Mobile,Tower_Delhi_Central
2132,8765432109,6543210987,2024-01-23T14:25:00,266,Mobile-Mobile,Tower_Delhi_Central
2133,7654321098,7123456789,2024-01-23T03:15:00,629,Mobile-Mobile,Tower_Mumbai_Central
2134,7654321098,7123456789,2024-01-23T03:31:00,238,Mobile-Mobile,Tower_Delhi_Central
2135,7654321098,7123456789,2024-01-23T17:52:00,887,Mobile-Mobile,Tower_UP_Kanpur
2136,7654321098,7123456789,2024-01-23T02:21:00,726,Mobile-Mobile,Tower_Delhi_Central
2137,7654321098,7123456789,2024-01-23T10:18:00,621,Mobile-Mobile,Tower_Delhi_Central
2138,7654321098,7123456789,2024-01-23T13:07:00,962,Mobile-Mobile,Tower_UP_Kanpur
2139,7654321098,7123456789,2024-01-23T20:15:00,943,Mobile-Mobile,Tower_Delhi_Central
2140,7654321098,7123456789,2024-01-23T09:16:00,502,Mobile-Mobile,Tower_Mumbai_Central
2141,7654321098,7123456789,2024-01-23T14:05:00,1079,Mobile-Mobile,Tower_Delhi_Central
2142,7654321098,7123456789,2024-01-23T01:01:00,1009,Mobile-Mobile,Tower_UP_Kanpur
2143,7654321098,7123456789,2024-01-23T19:31:00,652,Mobile-Mobile,Tower_UP_Kanpur
2144,7654321098,7123456789,2024-01-23T20:35:00,893,Mobile-Mobile,Tower_Delhi_Central
2145,7654321098,7123456789,2024-01-23T21:35:00,77,Mobile-Mobile,Tower_Bangalore
2146,7123456789,7654321098,2024-01-23T17:42:00,989,Mobile-Mobile,Tower_Bangalore
2147,7123456789,7654321098,2024-01-23T12:05:00,759,Mobile-Mobile,Tower_Delhi_Central
2148,7123456789,7654321098,2024-01-23T15:32:00,777,Mobile-Mobile,Tower_Delhi_Central
2149,7123456789,7654321098,2024-01-23T10:05:00,173,Mobile-Mobile,Tower_Bangalore
2150,7123456789,7654321098,2024-01-23T20:58:00,122,Mobile-Mobile,Tower_Delhi_Central
2151,7123456789,7654321098,2024-01-23T12:55:00,1055,Mobile-Mobile,Tower_Bangalore
2152,7123456789,7654321098,2024-01-23T19:04:00,815,Mobile-Mobile,Tower_Mumbai_Central
2153,7123456789,7654321098,2024-01-23T21:32:00,438,Mobile-Mobile,Tower_Delhi_Central
2154,7123456789,7654321098,2024-01-23T03:57:00,1094,Mobile-Mobile,Tower_UP_Kanpur
2155,7123456789,7654321098,2024-01-23T17:22:00,469,Mobile-Mobile,Tower_Bangalore
2156,7123456789,7654321098,2024-01-23T23:34:00,267,Mobile-Mobile,Tower_Mumbai_Central
2157,7123456789,7654321098,2024-01-23T17:29:00,605,Mobile-Mobile,Tower_Mumbai_Central
2158,7123456789,7654321098,2024-01-23T13:50:00,101,Mobile-Mobile,Tower_Bangalore
2159,7123456789,7654321098,2024-01-23T01:54:00,1094,Mobile-Mobile,Tower_Mumbai_Central
2160,7123456789,7654321098,2024-01-23T12:04:00,1023,Mobile-Mobile,Tower_Mumbai_Central
2161,7123456789,7654321098,2024-01-23T23:56:00,902,Mobile-Mobile,Tower_Delhi_Central
2162,7123456789,7654321098,2024-01-23T23:36:00,243,Mobile-Mobile,Tower_Mumbai_Central
2163,7123456789,7654321098,2024-01-23T02:34:00,814,Mobile-Mobile,Tower_Mumbai_Central
2164,6543210987,6234567890,2024-01-23T02:53:00,633,Mobile-Mobile,Tower_Delhi_Central
2165,6543210987,6234567890,2024-01-23T17:25:00,535,Mobile-Mobile,Tower_UP_Kanpur
2166,6543210987,6234567890,2024-01-23T13:26:00,610,Mobile-Mobile,Tower_UP_Kanpur
2167,6543210987,6234567890,2024-01-23T11:50:00,547,Mobile-Mobile,Tower_Bangalore
2168,6543210987,6234567890,2024-01-23T03:28:00,645,Mobile-Mobile,Tower_UP_Kanpur
2169,6543210987,6234567890,2024-01-23T02:12:00,373,Mobile-Mobile,Tower_Mumbai_Central
2170,6543210987,6234567890,2024-01-23T03:00:00,743,Mobile-Mobile,Tower_Bangalore
2171,9876543210,9123456789,2024-01-24T01:15:00,1057,Mobile-Mobile,Tower_Mumbai_Central
2172,9876543210,9123456789,2024-01-24T02:34:00,1013,Mobile-Mobile,Tower_UP_Kanpur
2173,9876543210,9123456789,2024-01-24T02:24:00,464,Mobile-Mobile,Tower_Mumbai_Central
2174,9876543210,9123456789,2024-01-24T23:46:00,342,Mobile-Mobile,Tower_Delhi_Central
2175,9876543210,9123456789,2024-01-24T12:49:00,835,Mobile-Mobile,Tower_Bangalore
2176,9876543210,9123456789,2024-01-24T23:26:00,311,Mobile-Mobile,Tower_Delhi_Central
2177,9876543210,9123456789,2024-01-24T01:26:00,356,Mobile-Mobile,Tower_Delhi_Central
2178,9876543210,9123456789,2024-01-24T23:00:00,546,Mobile-Mobile,Tower_Delhi_Central
2179,9876543210,8765432109,2024-01-24T19:38:00,129,Mobile-Mobile,Tower_Bangalore
2180,9876543210,8765432109,2024-01-24T01:21:00,968,Mobile-Mobile,Tower_UP_Kanpur
2181,9876543210,8765432109,2024-01-24T15:52:00,752,Mobile-Mobile,Tower_Mumbai_Central
2182,9876543210,8765432109,2024-01-24T01:36:00,897,Mobile-Mobile,Tower_Bangalore
2183,9876543210,8765432109,2024-01-24T03:42:00,1116,Mobile-Mobile,Tower_UP_Kanpur
2184,9876543210,8765432109,2024-01-24T23:53:00,405,Mobile-Mobile,Tower_UP_Kanpur
2185,9876543210,8765432109,2024-01-24T09:27:00,856,Mobile-Mobile,Tower_Bangalore
2186,9876543210,8765432109,2024-01-24T10:08:00,1195,Mobile-Mobile,Tower_UP_Kanpur
2187,9876543210,7654321098,2024-01-24T23:56:00,728,Mobile-Mobile,Tower_Delhi_Central
2188,9876543210,7654321098,2024-01-24T16:59:00,1044,Mobile-Mobile,Tower_UP_Kanpur
2189,9876543210,7654321098,2024-01-24T13:18:00,1064,Mobile-Mobile,Tower_UP_Kanpur
2190,9123456789,9876543210,2024-01-24T17:06:00,419,Mobile-Mobile,Tower_Bangalore
2191,9123456789,9876543210,2024-01-24T10:37:00,1099,Mobile-Mobile,Tower_Bangalore
2192,9123456789,9876543210,2024-01-24T18:24:00,261,Mobile-Mobile,Tower_Mumbai_Central
2193,9123456789,9876543210,2024-01-24T02:38:00,865,Mobile-Mobile,Tower_UP_Kanpur
2194,9123456789,9876543210,2024-01-24T21:16:00,776,Mobile-Mobile,Tower_UP_Kanpur
2195,9123456789,9876543210,2024-01-24T01:48:00,878,Mobile-Mobile,Tower_Bangalore
2196,9012345678,9876543210,2024-01-24T14:41:00,774,Mobile-Mobile,Tower_Delhi_Central
2197,9012345678,9876543210,2024-01-24T23:25:00,1176,Mobile-Mobile,Tower_Delhi_Central
2198,9012345678,9876543210,2024-01-24T10:16:00,533,Mobile-Mobile,Tower_Mumbai_Central
2199,9012345678,9876543210,2024-01-24T23:13:00,458,Mobile-Mobile,Tower_Delhi_Central
2200,9012345678,9876543210,2024-01-24T02:43:00,393,Mobile-Mobile,Tower_Bangalore
2201,9012345678,9876543210,2024-01-24T02:37:00,482,Mobile-Mobile,Tower_UP_Kanpur
2202,9012345678,9876543210,2024-01-24T19:45:00,65,Mobile-Mobile,Tower_Bangalore
2203,9012345678,9876543210,2024-01-24T18:04:00,1034,Mobile-Mobile,Tower_UP_Kanpur
2204,9012345678,9876543210,2024-01-24T23:18:00,314,Mobile-Mobile,Tower_UP_Kanpur
2205,8765432109,8912345678,2024-01-24T02:11:00,826,Mobile-Mobile,Tower_Bangalore
2206,8765432109,8912345678,2024-01-24T12:08:00,692,Mobile-Mobile,Tower_Bangalore
2207,8765432109,8912345678,2024-01-24T03:29:00,217,Mobile-Mobile,Tower_Bangalore
2208,8765432109,8912345678,2024-01-24T16:04:00,38,Mobile-Mobile,Tower_Mumbai_Central
2209,8765432109,8912345678,2024-01-24T10:23:00,130,Mobile-Mobile,Tower_Delhi_Central
2210,8765432109,8912345678,2024-01-24T20:44:00,922,Mobile-Mobile,Tower_Delhi_Central
2211,8765432109,8912345678,2024-01-24T03:50:00,563,Mobile-Mobile,Tower_Delhi_Central
2212,8765432109,8912345678,2024-01-24T23:01:00,254,Mobile-Mobile,Tower_Bangalore
2213,8765432109,8912345678,2024-01-24T03:27:00,1109,Mobile-Mobile,Tower_Delhi_Central
2214,8765432109,6543210987,2024-01-24T23:27:00,600,Mobile-Mobile,Tower_Mumbai_Central
2215,8765432109,6543210987,2024-01-24T11:07:00,38,Mobile-Mobile,Tower_Bangalore
2216,8765432109,6543210987,2024-01-24T02:45:00,790,Mobile-Mobile,Tower_Mumbai_Central
2217,8765432109,6543210987,2024-01-24T14:50:00,885,Mobile-Mobile,Tower_Delhi_Central
2218,8765432109,6543210987,2024-01-24T17:05:00,1041,Mobile-Mobile,Tower_Delhi_Central
2219,8765432109,6543210987,2024-01-24T12:56:00,987,Mobile-Mobile,Tower_Delhi_Central
2220,8765432109,6543210987,2024-01-24T20:57:00,842,Mobile-Mobile,Tower_Bangalore
2221,8765432109,6543210987,2024-01-24T02:15:00,813,Mobile-Mobile,Tower_Mumbai_Central
2222,8765432109,6543210987,2024-01-24T16:02:00,606,Mobile-Mobile,Tower_Delhi_Central
2223,8765432109,6543210987,2024-01-24T13:57:00,114,Mobile-Mobile,Tower_Bangalore
2224,7654321098,7123456789,2024-01-24T01:09:00,307,Mobile-Mobile,Tower_Mumbai_Central
2225,7654321098,7123456789,2024-01-24T15:05:00,1097,Mobile-Mobile,Tower_Delhi_Central
2226,7654321098,7123456789,2024-01-24T16:12:00,1138,Mobile-Mobile,Tower_UP_Kanpur
2227,7654321098,7123456789,2024-01-24T19:52:00,261,Mobile-Mobile,Tower_Bangalore
2228,7654321098,7123456789,2024-01-24T02:31:00,896,Mobile-Mobile,Tower_Bangalore
2229,7654321098,7123456789,2024-01-24T15:13:00,539,Mobile-Mobile,Tower_UP_Kanpur
2230,7654321098,7123456789,2024-01-24T12:27:00,41,Mobile-Mobile,Tower_Mumbai_Central
2231,7654321098,7123456789,2024-01-24T21:07:00,909,Mobile-Mobile,Tower_Delhi_Central
2232,7654321098,7123456789,2024-01-24T10:49:00,1142,Mobile-Mobile,Tower_Delhi_Central
2233,7654321098,7123456789,2024-01-24T23:24:00,961,Mobile-Mobile,Tower_Mumbai_Central
2234,7654321098,7123456789,2024-01-24T14:56:00,441,Mobile-Mobile,Tower_Mumbai_Central
2235,7654321098,7123456789,2024-01-24T03:58:00,91,Mobile-Mobile,Tower_UP_Kanpur
2236,7654321098,7123456789,2024-01-24T14:21:00,715,Mobile-Mobile,Tower_Mumbai_Central
2237,7123456789,7654321098,2024-01-24T02:06:00,810,Mobile-Mobile,Tower_UP_Kanpur
2238,7123456789,7654321098,2024-01-24T11:55:00,1067,Mobile-Mobile,Tower_UP_Kanpur
2239,7123456789,7654321098,2024-01-24T21:28:00,1100,Mobile-Mobile,Tower_Bangalore
2240,7123456789,7654321098,2024-01-24T17:00:00,1104,Mobile-Mobile,Tower_Bangalore
2241,7123456789,7654321098,2024-01-24T23:03:00,1061,Mobile-Mobile,Tower_Mumbai_Central
2242,7123456789,7654321098,2024-01-24T01:03:00,210,Mobile-Mobile,Tower_Delhi_Central
2243,7123456789,7654321098,2024-01-24T15:15:00,939,Mobile-Mobile,Tower_Mumbai_Central
2244,7123456789,7654321098,2024-01-24T02:07:00,877,Mobile-Mobile,Tower_Mumbai_Central
2245,7123456789,7654321098,2024-01-24T03:52:00,689,Mobile-Mobile,Tower_Bangalore
2246,7123456789,7654321098,2024-01-24T02:01:00,327,Mobile-Mobile,Tower_Bangalore
2247,7123456789,7654321098,2024-01-24T02:49:00,1090,Mobile-Mobile,Tower_Delhi_Central
2248,7123456789,7654321098,2024-01-24T12:14:00,87,Mobile-Mobile,Tower_Mumbai_Central
2249,7123456789,7654321098,2024-01-24T15:34:00,409,Mobile-Mobile,Tower_Delhi_Central
2250,7123456789,7654321098,2024-01-24T20:36:00,814,Mobile-Mobile,Tower_UP_Kanpur
2251,7123456789,7654321098,2024-01-24T20:50:00,652,Mobile-Mobile,Tower_UP_Kanpur
2252,6543210987,6234567890,2024-01-24T14:15:00,752,Mobile-Mobile,Tower_Bangalore
2253,6543210987,6234567890,2024-01-24T13:40:00,72,Mobile-Mobile,Tower_UP_Kanpur
2254,6543210987,6234567890,2024-01-24T14:29:00,476,Mobile-Mobile,Tower_UP_Kanpur
2255,6543210987,6234567890,2024-01-24T21:22:00,946,Mobile-Mobile,Tower_Mumbai_Central
2256,6543210987,6234567890,2024-01-24T01:33:00,540,Mobile-Mobile,Tower_Bangalore
2257,6543210987,6234567890,2024-01-24T02:54:00,1074,Mobile-Mobile,Tower_UP_Kanpur
2258,6543210987,6234567890,2024-01-24T15:54:00,849,Mobile-Mobile,Tower_UP_Kanpur
2259,6543210987,6234567890,2024-01-24T17:30:00,904,Mobile-Mobile,Tower_UP_Kanpur
2260,6543210987,6234567890,2024-01-24T13:15:00,285,Mobile-Mobile,Tower_UP_Kanpur
2261,6543210987,6234567890,2024-01-24T19:03:00,658,Mobile-Mobile,Tower_Bangalore
2262,6543210987,6234567890,2024-01-24T13:31:00,991,Mobile-Mobile,Tower_UP_Kanpur
2263,6543210987,6234567890,2024-01-24T23:22:00,367,Mobile-Mobile,Tower_Delhi_Central
2264,9876543210,9123456789,2024-01-25T12:15:00,272,Mobile-Mobile,Tower_UP_Kanpur
2265,9876543210,9123456789,2024-01-25T02:35:00,1096,Mobile-Mobile,Tower_UP_Kanpur
2266,9876543210,9123456789,2024-01-25T15:23:00,1102,Mobile-Mobile,Tower_Bangalore
2267,9876543210,9123456789,2024-01-25T12:34:00,447,Mobile-Mobile,Tower_UP_Kanpur
2268,9876543210,9123456789,2024-01-25T18:33:00,195,Mobile-Mobile,Tower_UP_Kanpur
2269,9876543210,9123456789,2024-01-25T15:58:00,554,Mobile-Mobile,Tower_Mumbai_Central
2270,9876543210,9123456789,2024-01-25T11:15:00,591,Mobile-Mobile,Tower_Delhi_Central
2271,9876543210,9123456789,2024-01-25T11:04:00,101,Mobile-Mobile,Tower_UP_Kanpur
2272,9876543210,9123456789,2024-01-25T01:58:00,517,Mobile-Mobile,Tower_UP_Kanpur
2273,9876543210,8765432109,2024-01-25T23:36:00,319,Mobile-Mobile,Tower_Delhi_Central
2274,9876543210,8765432109,2024-01-25T21:01:00,981,Mobile-Mobile,Tower_UP_Kanpur
2275,9876543210,8765432109,2024-01-25T02:25:00,219,Mobile-Mobile,Tower_UP_Kanpur
2276,9876543210,8765432109,2024-01-25T23:23:00,103,Mobile-Mobile,Tower_Delhi_Central
2277,9876543210,7654321098,2024-01-25T01:49:00,1056,Mobile-Mobile,Tower_Delhi_Central
2278,9876543210,7654321098,2024-01-25T18:09:00,615,Mobile-Mobile,Tower_Delhi_Central
2279,9876543210,7654321098,2024-01-25T02:09:00,971,Mobile-Mobile,Tower_Mumbai_Central
2280,9876543210,7654321098,2024-01-25T12:53:00,1135,Mobile-Mobile,Tower_Mumbai_Central
2281,9876543210,7654321098,2024-01-25T02:14:00,915,Mobile-Mobile,Tower_Bangalore
2282,9876543210,7654321098,2024-01-25T15:42:00,922,Mobile-Mobile,Tower_Mumbai_Central
2283,9123456789,9876543210,2024-01-25T14:22:00,109,Mobile-Mobile,Tower_UP_Kanpur
2284,9123456789,9876543210,2024-01-25T12:38:00,119,Mobile-Mobile,Tower_Bangalore
2285,9123456789,9876543210,2024-01-25T10:28:00,954,Mobile-Mobile,Tower_Bangalore
2286,9123456789,9876543210,2024-01-25T20:36:00,124,Mobile-Mobile,Tower_Mumbai_Central
2287,9123456789,9876543210,2024-01-25T18:43:00,994,Mobile-Mobile,Tower_Mumbai_Central
2288,9123456789,9876543210,2024-01-25T09:24:00,832,Mobile-Mobile,Tower_Delhi_Central
2289,9123456789,9876543210,2024-01-25T17:49:00,54,Mobile-Mobile,Tower_Delhi_Central
2290,9123456789,9876543210,2024-01-25T01:48:00,516,Mobile-Mobile,Tower_UP_Kanpur
2291,9123456789,9876543210,2024-01-25T21:25:00,315,Mobile-Mobile,Tower_UP_Kanpur
2292,9012345678,9876543210,2024-01-25T03:22:00,241,Mobile-Mobile,Tower_Mumbai_Central
2293,9012345678,9876543210,2024-01-25T20:42:00,1087,Mobile-Mobile,Tower_Delhi_Central
2294,9012345678,9876543210,2024-01-25T10:55:00,237,Mobile-Mobile,Tower_UP_Kanpur
2295,9012345678,9876543210,2024-01-25T21:35:00,99,Mobile-Mobile,Tower_Mumbai_Central
2296,8765432109,8912345678,2024-01-25T12:37:00,343,Mobile-Mobile,Tower_Delhi_Central
2297,8765432109,8912345678,2024-01-25T17:25:00,228,Mobile-Mobile,Tower_Bangalore
2298,8765432109,8912345678,2024-01-25T14:13:00,1150,Mobile-Mobile,Tower_Mumbai_Central
2299,8765432109,8912345678,2024-01-25T11:14:00,742,Mobile-Mobile,Tower_Bangalore
2300,8765432109,8912345678,2024-01-25T09:54:00,178,Mobile-Mobile,Tower_UP_Kanpur
2301,8765432109,8912345678,2024-01-25T20:25:00,391,Mobile-Mobile,Tower_Delhi_Central
2302,8765432109,8912345678,2024-01-25T02:18:00,251,Mobile-Mobile,Tower_Delhi_Central
2303,8765432109,8912345678,2024-01-25T21:52:00,310,Mobile-Mobile,Tower_Mumbai_Central
2304,8765432109,8912345678,2024-01-25T01:22:00,1172,Mobile-Mobile,Tower_Delhi_Central
2305,8765432109,8912345678,2024-01-25T19:09:00,591,Mobile-Mobile,Tower_Bangalore
2306,8765432109,8912345678,2024-01-25T09:21:00,610,Mobile-Mobile,Tower_UP_Kanpur
2307,8765432109,8912345678,2024-01-25T12:46:00,1198,Mobile-Mobile,Tower_UP_Kanpur
2308,8765432109,8912345678,2024-01-25T23:15:00,439,Mobile-Mobile,Tower_Delhi_Central
2309,8765432109,6543210987,2024-01-25T14:54:00,1034,Mobile-Mobile,Tower_Bangalore
2310,8765432109,6543210987,2024-01-25T23:30:00,476,Mobile-Mobile,Tower_Delhi_Central
2311,8765432109,6543210987,2024-01-25T03:55:00,119,Mobile-Mobile,Tower_Bangalore
2312,8765432109,6543210987,2024-01-25T19:41:00,798,Mobile-Mobile,Tower_UP_Kanpur
2313,8765432109,6543210987,2024-01-25T16:37:00,719,Mobile-Mobile,Tower_Delhi_Central
2314,8765432109,6543210987,2024-01-25T13:56:00,1157,Mobile-Mobile,Tower_UP_Kanpur
2315,8765432109,6543210987,2024-01-25T18:21:00,326,Mobile-Mobile,Tower_Mumbai_Central
2316,8765432109,6543210987,2024-01-25T16:34:00,532,Mobile-Mobile,Tower_UP_Kanpur
2317,8765432109,6543210987,2024-01-25T15:22:00,873,Mobile-Mobile,Tower_Delhi_Central
2318,8765432109,6543210987,2024-01-25T10:03:00,399,Mobile-Mobile,Tower_Mumbai_Central
2319,7654321098,7123456789,2024-01-25T17:11:00,725,Mobile-Mobile,Tower_Mumbai_Central
2320,7654321098,7123456789,2024-01-25T09:52:00,696,Mobile-Mobile,Tower_UP_Kanpur
2321,7654321098,7123456789,2024-01-25T20:57:00,1076,Mobile-Mobile,Tower_Mumbai_Central
2322,7654321098,7123456789,2024-01-25T13:08:00,75,Mobile-Mobile,Tower_Mumbai_Central
2323,7654321098,7123456789,2024-01-25T15:45:00,699,Mobile-Mobile,Tower_Delhi_Central
2324,7654321098,7123456789,2024-01-25T11:35:00,278,Mobile-Mobile,Tower_Delhi_Central
2325,7654321098,7123456789,2024-01-25T03:27:00,1199,Mobile-Mobile,Tower_Mumbai_Central
2326,7654321098,7123456789,2024-01-25T01:05:00,1051,Mobile-Mobile,Tower_Mumbai_Central
2327,7654321098,7123456789,2024-01-25T11:46:00,595,Mobile-Mobile,Tower_UP_Kanpur
2328,7654321098,7123456789,2024-01-25T23:22:00,346,Mobile-Mobile,Tower_UP_Kanpur
2329,7654321098,7123456789,2024-01-25T23:31:00,324,Mobile-Mobile,Tower_Mumbai_Central
2330,7654321098,7123456789,2024-01-25T01:56:00,882,Mobile-Mobile,Tower_Mumbai_Central
2331,7654321098,7123456789,2024-01-25T15:21:00,144,Mobile-Mobile,Tower_UP_Kanpur
2332,7654321098,7123456789,2024-01-25T02:42:00,770,Mobile-Mobile,Tower_Bangalore
2333,7654321098,7123456789,2024-01-25T18:27:00,227,Mobile-Mobile,Tower_Bangalore
2334,7654321098,7123456789,2024-01-25T01:31:00,950,Mobile-Mobile,Tower_UP_Kanpur
2335,7654321098,7123456789,2024-01-25T13:36:00,366,Mobile-Mobile,Tower_Mumbai_Central
2336,7123456789,7654321098,2024-01-25T14:54:00,712,Mobile-Mobile,Tower_UP_Kanpur
2337,7123456789,7654321098,2024-01-25T12:28:00,798,Mobile-Mobile,Tower_Delhi_Central
2338,7123456789,7654321098,2024-01-25T13:45:00,1095,Mobile-Mobile,Tower_Delhi_Central
2339,7123456789,7654321098,2024-01-25T02:30:00,810,Mobile-Mobile,Tower_Delhi_Central
2340,7123456789,7654321098,2024-01-25T17:28:00,732,Mobile-Mobile,Tower_Bangalore
2341,7123456789,7654321098,2024-01-25T20:59:00,689,Mobile-Mobile,Tower_Delhi_Central
2342,7123456789,7654321098,2024-01-25T11:41:00,317,Mobile-Mobile,Tower_Delhi_Central
2343,7123456789,7654321098,2024-01-25T01:55:00,798,Mobile-Mobile,Tower_Delhi_Central
2344,7123456789,7654321098,2024-01-25T10:41:00,331,Mobile-Mobile,Tower_Mumbai_Central
2345,7123456789,7654321098,2024-01-25T13:21:00,831,Mobile-Mobile,Tower_Delhi_Central
2346,7123456789,7654321098,2024-01-25T16:14:00,488,Mobile-Mobile,Tower_Delhi_Central
2347,7123456789,7654321098,2024-01-25T17:34:00,251,Mobile-Mobile,Tower_Delhi_Central
2348,7123456789,7654321098,2024-01-25T09:37:00,875,Mobile-Mobile,Tower_Mumbai_Central
2349,7123456789,7654321098,2024-01-25T21:18:00,322,Mobile-Mobile,Tower_Delhi_Central
2350,7123456789,7654321098,2024-01-25T01:18:00,112,Mobile-Mobile,Tower_Bangalore
2351,7123456789,7654321098,2024-01-25T23:43:00,443,Mobile-Mobile,Tower_Delhi_Central
2352,7123456789,7654321098,2024-01-25T13:34:00,1191,Mobile-Mobile,Tower_Delhi_Central
2353,7123456789,7654321098,2024-01-25T17:30:00,945,Mobile-Mobile,Tower_Bangalore
2354,6543210987,6234567890,2024-01-25T03:28:00,824,Mobile-Mobile,Tower_UP_Kanpur
2355,6543210987,6234567890,2024-01-25T12:14:00,754,Mobile-Mobile,Tower_UP_Kanpur
2356,6543210987,6234567890,2024-01-25T09:03:00,1159,Mobile-Mobile,Tower_Delhi_Central
2357,6543210987,6234567890,2024-01-25T15:09:00,1018,Mobile-Mobile,Tower_Bangalore
2358,6543210987,6234567890,2024-01-25T02:52:00,131,Mobile-Mobile,Tower_Bangalore
2359,6543210987,6234567890,2024-01-25T20:29:00,447,Mobile-Mobile,Tower_Delhi_Central
2360,6543210987,6234567890,2024-01-25T18:15:00,331,Mobile-Mobile,Tower_Delhi_Central
2361,6543210987,6234567890,2024-01-25T21:53:00,1140,Mobile-Mobile,Tower_Bangalore
2362,9876543210,9123456789,2024-01-26T02:50:00,743,Mobile-Mobile,Tower_Mumbai_Central
2363,9876543210,9123456789,2024-01-26T01:06:00,165,Mobile-Mobile,Tower_UP_Kanpur
2364,9876543210,9123456789,2024-01-26T02:48:00,714,Mobile-Mobile,Tower_Mumbai_Central
2365,9876543210,9123456789,2024-01-26T02:06:00,986,Mobile-Mobile,Tower_Mumbai_Central
2366,9876543210,9123456789,2024-01-26T03:10:00,660,Mobile-Mobile,Tower_Delhi_Central
2367,9876543210,9123456789,2024-01-26T19:57:00,593,Mobile-Mobile,Tower_Delhi_Central
2368,9876543210,9123456789,2024-01-26T02:51:00,209,Mobile-Mobile,Tower_UP_Kanpur
2369,9876543210,9123456789,2024-01-26T21:33:00,71,Mobile-Mobile,Tower_Bangalore
2370,9876543210,9123456789,2024-01-26T12:55:00,913,Mobile-Mobile,Tower_Mumbai_Central
2371,9876543210,9123456789,2024-01-26T03:18:00,1184,Mobile-Mobile,Tower_Delhi_Central
2372,9876543210,8765432109,2024-01-26T20:45:00,1170,Mobile-Mobile,Tower_Mumbai_Central
2373,9876543210,8765432109,2024-01-26T19:28:00,800,Mobile-Mobile,Tower_UP_Kanpur
2374,9876543210,8765432109,2024-01-26T09:42:00,295,Mobile-Mobile,Tower_Bangalore
2375,9876543210,8765432109,2024-01-26T03:35:00,443,Mobile-Mobile,Tower_Delhi_Central
2376,9876543210,8765432109,2024-01-26T12:18:00,467,Mobile-Mobile,Tower_Bangalore
2377,9876543210,8765432109,2024-01-26T03:02:00,486,Mobile-Mobile,Tower_Bangalore
2378,9876543210,8765432109,2024-01-26T13:27:00,825,Mobile-Mobile,Tower_Delhi_Central
2379,9876543210,7654321098,2024-01-26T19:36:00,784,Mobile-Mobile,Tower_Bangalore
2380,9876543210,7654321098,2024-01-26T19:18:00,291,Mobile-Mobile,Tower_Bangalore
2381,9876543210,7654321098,2024-01-26T15:30:00,763,Mobile-Mobile,Tower_UP_Kanpur
2382,9876543210,7654321098,2024-01-26T02:27:00,372,Mobile-Mobile,Tower_Mumbai_Central
2383,9876543210,7654321098,2024-01-26T02:24:00,942,Mobile-Mobile,Tower_UP_Kanpur
2384,9123456789,9876543210,2024-01-26T21:56:00,88,Mobile-Mobile,Tower_Mumbai_Central
2385,9123456789,9876543210,2024-01-26T15:13:00,1061,Mobile-Mobile,Tower_Delhi_Central
2386,9123456789,9876543210,2024-01-26T20:47:00,89,Mobile-Mobile,Tower_Mumbai_Central
2387,9123456789,9876543210,2024-01-26T03:57:00,824,Mobile-Mobile,Tower_Delhi_Central
2388,9123456789,9876543210,2024-01-26T14:03:00,1141,Mobile-Mobile,Tower_Bangalore
2389,9123456789,9876543210,2024-01-26T20:46:00,965,Mobile-Mobile,Tower_Bangalore
2390,9012345678,9876543210,2024-01-26T11:39:00,330,Mobile-Mobile,Tower_Delhi_Central
2391,9012345678,9876543210,2024-01-26T11:00:00,567,Mobile-Mobile,Tower_Bangalore
2392,9012345678,9876543210,2024-01-26T01:19:00,1010,Mobile-Mobile,Tower_UP_Kanpur
2393,9012345678,9876543210,2024-01-26T02:37:00,374,Mobile-Mobile,Tower_UP_Kanpur
2394,9012345678,9876543210,2024-01-26T17:19:00,242,Mobile-Mobile,Tower_Mumbai_Central
2395,9012345678,9876543210,2024-01-26T16:52:00,372,Mobile-Mobile,Tower_Bangalore
2396,9012345678,9876543210,2024-01-26T03:27:00,950,Mobile-Mobile,Tower_Bangalore
2397,9012345678,9876543210,2024-01-26T02:16:00,894,Mobile-Mobile,Tower_Delhi_Central
2398,9012345678,9876543210,2024-01-26T10:17:00,1063,Mobile-Mobile,Tower_Mumbai_Central
2399,8765432109,8912345678,2024-01-26T17:50:00,297,Mobile-Mobile,Tower_Mumbai_Central
2400,8765432109,8912345678,2024-01-26T20:20:00,511,Mobile-Mobile,Tower_Bangalore
2401,8765432109,8912345678,2024-01-26T03:22:00,70,Mobile-Mobile,Tower_Delhi_Central
2402,8765432109,8912345678,2024-01-26T19:18:00,140,Mobile-Mobile,Tower_UP_Kanpur
2403,8765432109,8912345678,2024-01-26T14:24:00,407,Mobile-Mobile,Tower_UP_Kanpur
2404,8765432109,8912345678,2024-01-26T01:09:00,97,Mobile-Mobile,Tower_Delhi_Central
2405,8765432109,8912345678,2024-01-26T14:17:00,397,Mobile-Mobile,Tower_Bangalore
2406,8765432109,8912345678,2024-01-26T23:15:00,219,Mobile-Mobile,Tower_Mumbai_Central
2407,8765432109,6543210987,2024-01-26T15:45:00,1093,Mobile-Mobile,Tower_Mumbai_Central
2408,8765432109,6543210987,2024-01-26T03:00:00,792,Mobile-Mobile,Tower_UP_Kanpur
2409,8765432109,6543210987,2024-01-26T19:26:00,339,Mobile-Mobile,Tower_UP_Kanpur
2410,8765432109,6543210987,2024-01-26T13:57:00,367,Mobile-Mobile,Tower_Mumbai_Central
2411,8765432109,6543210987,2024-01-26T18:53:00,841,Mobile-Mobile,Tower_Delhi_Central
2412,8765432109,6543210987,2024-01-26T10:00:00,395,Mobile-Mobile,Tower_Delhi_Central
2413,8765432109,6543210987,2024-01-26T17:03:00,332,Mobile-Mobile,Tower_Bangalore
2414,8765432109,6543210987,2024-01-26T13:26:00,1172,Mobile-Mobile,Tower_UP_Kanpur
2415,8765432109,6543210987,2024-01-26T16:48:00,1189,Mobile-Mobile,Tower_Delhi_Central
2416,7654321098,7123456789,2024-01-26T21:03:00,377,Mobile-Mobile,Tower_Bangalore
2417,7654321098,7123456789,2024-01-26T19:42:00,1162,Mobile-Mobile,Tower_UP_Kanpur
2418,7654321098,7123456789,2024-01-26T01:13:00,328,Mobile-Mobile,Tower_Mumbai_Central
2419,7654321098,7123456789,2024-01-26T03:46:00,57,Mobile-Mobile,Tower_Bangalore
2420,7654321098,7123456789,2024-01-26T23:02:00,441,Mobile-Mobile,Tower_Bangalore
2421,7654321098,7123456789,2024-01-26T16:05:00,281,Mobile-Mobile,Tower_Bangalore
2422,7654321098,7123456789,2024-01-26T02:42:00,512,Mobile-Mobile,Tower_Delhi_Central
2423,7654321098,7123456789,2024-01-26T02:08:00,575,Mobile-Mobile,Tower_Mumbai_Central
2424,7654321098,7123456789,2024-01-26T20:43:00,766,Mobile-Mobile,Tower_Delhi_Central
2425,7654321098,7123456789,2024-01-26T21:29:00,1189,Mobile-Mobile,Tower_Bangalore
2426,7654321098,7123456789,2024-01-26T15:03:00,747,Mobile-Mobile,Tower_Delhi_Central
2427,7654321098,7123456789,2024-01-26T19:56:00,738,Mobile-Mobile,Tower_Delhi_Central
2428,7654321098,7123456789,2024-01-26T21:30:00,464,Mobile-Mobile,Tower_UP_Kanpur
2429,7654321098,7123456789,2024-01-26T16:48:00,757,Mobile-Mobile,Tower_UP_Kanpur
2430,7654321098,7123456789,2024-01-26T23:10:00,661,Mobile-Mobile,Tower_Bangalore
2431,7123456789,7654321098,2024-01-26T17:18:00,809,Mobile-Mobile,Tower_Bangalore
2432,7123456789,7654321098,2024-01-26T10:38:00,173,Mobile-Mobile,Tower_Mumbai_Central
2433,7123456789,7654321098,2024-01-26T21:35:00,91,Mobile-Mobile,Tower_UP_Kanpur
2434,7123456789,7654321098,2024-01-26T12:16:00,563,Mobile-Mobile,Tower_Bangalore
2435,7123456789,7654321098,2024-01-26T01:53:00,735,Mobile-Mobile,Tower_Mumbai_Central
2436,7123456789,7654321098,2024-01-26T02:13:00,943,Mobile-Mobile,Tower_UP_Kanpur
2437,7123456789,7654321098,2024-01-26T14:11:00,191,Mobile-Mobile,Tower_Mumbai_Central
2438,7123456789,7654321098,2024-01-26T02:36:00,874,Mobile-Mobile,Tower_Bangalore
2439,7123456789,7654321098,2024-01-26T23:21:00,891,Mobile-Mobile,Tower_UP_Kanpur
2440,7123456789,7654321098,2024-01-26T01:46:00,811,Mobile-Mobile,Tower_Delhi_Central
2441,7123456789,7654321098,2024-01-26T01:46:00,159,Mobile-Mobile,Tower_Bangalore
2442,7123456789,7654321098,2024-01-26T01:36:00,845,Mobile-Mobile,Tower_Mumbai_Central
2443,7123456789,7654321098,2024-01-26T01:47:00,749,Mobile-Mobile,Tower_Delhi_Central
2444,7123456789,7654321098,2024-01-26T20:28:00,296,Mobile-Mobile,Tower_Bangalore
2445,7123456789,7654321098,2024-01-26T11:39:00,844,Mobile-Mobile,Tower_UP_Kanpur
2446,6543210987,6234567890,2024-01-26T02:41:00,866,Mobile-Mobile,Tower_Mumbai_Central
2447,6543210987,6234567890,2024-01-26T16:45:00,354,Mobile-Mobile,Tower_UP_Kanpur
2448,6543210987,6234567890,2024-01-26T01:26:00,713,Mobile-Mobile,Tower_UP_Kanpur
2449,6543210987,6234567890,2024-01-26T23:54:00,1039,Mobile-Mobile,Tower_UP_Kanpur
2450,6543210987,6234567890,2024-01-26T23:11:00,599,Mobile-Mobile,Tower_Delhi_Central
2451,6543210987,6234567890,2024-01-26T19:01:00,777,Mobile-Mobile,Tower_Bangalore
2452,6543210987,6234567890,2024-01-26T02:54:00,1024,Mobile-Mobile,Tower_UP_Kanpur
2453,6543210987,6234567890,2024-01-26T01:51:00,519,Mobile-Mobile,Tower_Mumbai_Central
2454,6543210987,6234567890,2024-01-26T23:51:00,689,Mobile-Mobile,Tower_Mumbai_Central
2455,6543210987,6234567890,2024-01-26T17:04:00,337,Mobile-Mobile,Tower_UP_Kanpur
2456,6543210987,6234567890,2024-01-26T17:01:00,113,Mobile-Mobile,Tower_UP_Kanpur
2457,6543210987,6234567890,2024-01-26T10:22:00,615,Mobile-Mobile,Tower_Mumbai_Central
2458,9876543210,9123456789,2024-01-27T03:53:00,118,Mobile-Mobile,Tower_Delhi_Central
2459,9876543210,9123456789,2024-01-27T13:20:00,251,Mobile-Mobile,Tower_Bangalore
2460,9876543210,9123456789,2024-01-27T03:36:00,351,Mobile-Mobile,Tower_Mumbai_Central
2461,9876543210,9123456789,2024-01-27T23:14:00,1030,Mobile-Mobile,Tower_UP_Kanpur
2462,9876543210,9123456789,2024-01-27T23:45:00,311,Mobile-Mobile,Tower_UP_Kanpur
2463,9876543210,9123456789,2024-01-27T20:37:00,1167,Mobile-Mobile,Tower_Bangalore
2464,9876543210,9123456789,2024-01-27T18:04:00,351,Mobile-Mobile,Tower_Delhi_Central
2465,9876543210,9123456789,2024-01-27T03:36:00,498,Mobile-Mobile,Tower_Delhi_Central
2466,9876543210,9123456789,2024-01-27T14:28:00,115,Mobile-Mobile,Tower_UP_Kanpur
2467,9876543210,8765432109,2024-01-27T11:31:00,379,Mobile-Mobile,Tower_Delhi_Central
2468,9876543210,8765432109,2024-01-27T18:22:00,697,Mobile-Mobile,Tower_Mumbai_Central
2469,9876543210,8765432109,2024-01-27T10:59:00,979,Mobile-Mobile,Tower_Bangalore
2470,9876543210,8765432109,2024-01-27T01:03:00,461,Mobile-Mobile,Tower_Mumbai_Central
2471,9876543210,7654321098,2024-01-27T02:58:00,1022,Mobile-Mobile,Tower_Mumbai_Central
2472,9876543210,7654321098,2024-01-27T18:12:00,461,Mobile-Mobile,Tower_UP_Kanpur
2473,9876543210,7654321098,2024-01-27T15:36:00,1143,Mobile-Mobile,Tower_UP_Kanpur
2474,9123456789,9876543210,2024-01-27T01:27:00,870,Mobile-Mobile,Tower_Bangalore
2475,9123456789,9876543210,2024-01-27T19:35:00,959,Mobile-Mobile,Tower_UP_Kanpur
2476,9123456789,9876543210,2024-01-27T02:04:00,816,Mobile-Mobile,Tower_Delhi_Central
2477,9123456789,9876543210,2024-01-27T21:45:00,934,Mobile-Mobile,Tower_Mumbai_Central
2478,9123456789,9876543210,2024-01-27T02:17:00,1001,Mobile-Mobile,Tower_Delhi_Central
2479,9123456789,9876543210,2024-01-27T14:04:00,360,Mobile-Mobile,Tower_Mumbai_Central
2480,9123456789,9876543210,2024-01-27T12:37:00,621,Mobile-Mobile,Tower_UP_Kanpur
2481,9123456789,9876543210,2024-01-27T02:26:00,864,Mobile-Mobile,Tower_Bangalore
2482,9012345678,9876543210,2024-01-27T09:45:00,917,Mobile-Mobile,Tower_UP_Kanpur
2483,9012345678,9876543210,2024-01-27T14:39:00,384,Mobile-Mobile,Tower_Mumbai_Central
2484,9012345678,9876543210,2024-01-27T11:35:00,1092,Mobile-Mobile,Tower_Bangalore
2485,9012345678,9876543210,2024-01-27T03:56:00,1127,Mobile-Mobile,Tower_UP_Kanpur
2486,9012345678,9876543210,2024-01-27T13:27:00,726,Mobile-Mobile,Tower_Delhi_Central
2487,9012345678,9876543210,2024-01-27T21:00:00,445,Mobile-Mobile,Tower_Mumbai_Central
2488,8765432109,8912345678,2024-01-27T02:52:00,36,Mobile-Mobile,Tower_Delhi_Central
2489,8765432109,8912345678,2024-01-27T10:20:00,818,Mobile-Mobile,Tower_Bangalore
2490,8765432109,8912345678,2024-01-27T01:25:00,266,Mobile-Mobile,Tower_Bangalore
2491,8765432109,8912345678,2024-01-27T18:17:00,939,Mobile-Mobile,Tower_Mumbai_Central
2492,8765432109,8912345678,2024-01-27T23:07:00,1076,Mobile-Mobile,Tower_Bangalore
2493,8765432109,8912345678,2024-01-27T21:37:00,796,Mobile-Mobile,Tower_UP_Kanpur
2494,8765432109,8912345678,2024-01-27T02:38:00,887,Mobile-Mobile,Tower_Delhi_Central
2495,8765432109,8912345678,2024-01-27T21:18:00,925,Mobile-Mobile,Tower_Bangalore
2496,8765432109,8912345678,2024-01-27T12:15:00,211,Mobile-Mobile,Tower_Bangalore
2497,8765432109,8912345678,2024-01-27T11:45:00,531,Mobile-Mobile,Tower_Delhi_Central
2498,8765432109,8912345678,2024-01-27T16:25:00,605,Mobile-Mobile,Tower_Mumbai_Central
2499,8765432109,8912345678,2024-01-27T03:37:00,282,Mobile-Mobile,Tower_Bangalore
2500,8765432109,6543210987,2024-01-27T23:29:00,947,Mobile-Mobile,Tower_Bangalore
2501,8765432109,6543210987,2024-01-27T09:33:00,1030,Mobile-Mobile,Tower_Mumbai_Central
2502,8765432109,6543210987,2024-01-27T02:27:00,481,Mobile-Mobile,Tower_UP_Kanpur
2503,8765432109,6543210987,2024-01-27T11:11:00,413,Mobile-Mobile,Tower_Bangalore
2504,8765432109,6543210987,2024-01-27T21:31:00,869,Mobile-Mobile,Tower_Mumbai_Central
2505,8765432109,6543210987,2024-01-27T16:42:00,567,Mobile-Mobile,Tower_Bangalore
2506,8765432109,6543210987,2024-01-27T13:47:00,197,Mobile-Mobile,Tower_Mumbai_Central
2507,8765432109,6543210987,2024-01-27T16:26:00,461,Mobile-Mobile,Tower_Bangalore
2508,8765432109,6543210987,2024-01-27T17:19:00,191,Mobile-Mobile,Tower_UP_Kanpur
2509,7654321098,7123456789,2024-01-27T18:55:00,1065,Mobile-Mobile,Tower_UP_Kanpur
2510,7654321098,7123456789,2024-01-27T14:54:00,1096,Mobile-Mobile,Tower_Delhi_Central
2511,7654321098,7123456789,2024-01-27T18:22:00,253,Mobile-Mobile,Tower_UP_Kanpur
2512,7654321098,7123456789,2024-01-27T02:45:00,1118,Mobile-Mobile,Tower_Delhi_Central
2513,7654321098,7123456789,2024-01-27T11:58:00,527,Mobile-Mobile,Tower_UP_Kanpur
2514,7654321098,7123456789,2024-01-27T17:08:00,631,Mobile-Mobile,Tower_UP_Kanpur
2515,7654321098,7123456789,2024-01-27T15:21:00,384,Mobile-Mobile,Tower_Mumbai_Central
2516,7654321098,7123456789,2024-01-27T15:51:00,894,Mobile-Mobile,Tower_UP_Kanpur
2517,7654321098,7123456789,2024-01-27T09:40:00,628,Mobile-Mobile,Tower_Mumbai_Central
2518,7654321098,7123456789,2024-01-27T03:00:00,233,Mobile-Mobile,Tower_Bangalore
2519,7654321098,7123456789,2024-01-27T01:06:00,641,Mobile-Mobile,Tower_Mumbai_Central
2520,7654321098,7123456789,2024-01-27T14:07:00,438,Mobile-Mobile,Tower_Mumbai_Central
2521,7654321098,7123456789,2024-01-27T11:53:00,430,Mobile-Mobile,Tower_Bangalore
2522,7654321098,7123456789,2024-01-27T09:47:00,32,Mobile-Mobile,Tower_UP_Kanpur
2523,7654321098,7123456789,2024-01-27T23:24:00,1059,Mobile-Mobile,Tower_Mumbai_Central
2524,7654321098,7123456789,2024-01-27T12:23:00,253,Mobile-Mobile,Tower_Bangalore
2525,7123456789,7654321098,2024-01-27T12:13:00,718,Mobile-Mobile,Tower_Mumbai_Central
2526,7123456789,7654321098,2024-01-27T03:57:00,594,Mobile-Mobile,Tower_UP_Kanpur
2527,7123456789,7654321098,2024-01-27T02:47:00,470,Mobile-Mobile,Tower_UP_Kanpur
2528,7123456789,7654321098,2024-01-27T23:18:00,72,Mobile-Mobile,Tower_UP_Kanpur
2529,7123456789,7654321098,2024-01-27T19:07:00,275,Mobile-Mobile,Tower_Bangalore
2530,7123456789,7654321098,2024-01-27T11:14:00,887,Mobile-Mobile,Tower_Bangalore
2531,7123456789,7654321098,2024-01-27T13:55:00,660,Mobile-Mobile,Tower_Bangalore
2532,7123456789,7654321098,2024-01-27T09:54:00,533,Mobile-Mobile,Tower_Bangalore
2533,7123456789,7654321098,2024-01-27T21:26:00,1108,Mobile-Mobile,Tower_UP_Kanpur
2534,7123456789,7654321098,2024-01-27T20:38:00,1046,Mobile-Mobile,Tower_Bangalore
2535,7123456789,7654321098,2024-01-27T15:49:00,1185,Mobile-Mobile,Tower_Mumbai_Central
2536,7123456789,7654321098,2024-01-27T21:01:00,685,Mobile-Mobile,Tower_Delhi_Central
2537,7123456789,7654321098,2024-01-27T02:31:00,1001,Mobile-Mobile,Tower_UP_Kanpur
2538,7123456789,7654321098,2024-01-27T21:11:00,823,Mobile-Mobile,Tower_Bangalore
2539,7123456789,7654321098,2024-01-27T11:46:00,399,Mobile-Mobile,Tower_Delhi_Central
2540,7123456789,7654321098,2024-01-27T03:25:00,928,Mobile-Mobile,Tower_Mumbai_Central
2541,6543210987,6234567890,2024-01-27T20:43:00,336,Mobile-Mobile,Tower_Delhi_Central
2542,6543210987,6234567890,2024-01-27T14:09:00,1169,Mobile-Mobile,Tower_Mumbai_Central
2543,6543210987,6234567890,2024-01-27T14:24:00,1159,Mobile-Mobile,Tower_Mumbai_Central
2544,6543210987,6234567890,2024-01-27T02:26:00,1158,Mobile-Mobile,Tower_UP_Kanpur
2545,6543210987,6234567890,2024-01-27T01:42:00,1012,Mobile-Mobile,Tower_Bangalore
2546,6543210987,6234567890,2024-01-27T14:28:00,540,Mobile-Mobile,Tower_Delhi_Central
2547,6543210987,6234567890,2024-01-27T09:38:00,133,Mobile-Mobile,Tower_UP_Kanpur
2548,6543210987,6234567890,2024-01-27T10:17:00,1044,Mobile-Mobile,Tower_Bangalore
2549,9876543210,9123456789,2024-01-28T17:05:00,260,Mobile-Mobile,Tower_Delhi_Central
2550,9876543210,9123456789,2024-01-28T03:21:00,831,Mobile-Mobile,Tower_Mumbai_Central
2551,9876543210,9123456789,2024-01-28T18:19:00,253,Mobile-Mobile,Tower_Mumbai_Central
2552,9876543210,9123456789,2024-01-28T16:36:00,287,Mobile-Mobile,Tower_Delhi_Central
2553,9876543210,9123456789,2024-01-28T13:45:00,317,Mobile-Mobile,Tower_UP_Kanpur
2554,9876543210,9123456789,2024-01-28T18:16:00,929,Mobile-Mobile,Tower_Bangalore
2555,9876543210,9123456789,2024-01-28T13:38:00,835,Mobile-Mobile,Tower_Bangalore
2556,9876543210,9123456789,2024-01-28T01:23:00,1000,Mobile-Mobile,Tower_Mumbai_Central
2557,9876543210,9123456789,2024-01-28T16:29:00,559,Mobile-Mobile,Tower_Delhi_Central
2558,9876543210,9123456789,2024-01-28T18:12:00,1145,Mobile-Mobile,Tower_Bangalore
2559,9876543210,8765432109,2024-01-28T17:17:00,162,Mobile-Mobile,Tower_UP_Kanpur
2560,9876543210,8765432109,2024-01-28T03:06:00,1010,Mobile-Mobile,Tower_Mumbai_Central
2561,9876543210,8765432109,2024-01-28T20:46:00,846,Mobile-Mobile,Tower_Bangalore
2562,9876543210,8765432109,2024-01-28T18:35:00,265,Mobile-Mobile,Tower_Bangalore
2563,9876543210,8765432109,2024-01-28T23:13:00,1176,Mobile-Mobile,Tower_Bangalore
2564,9876543210,8765432109,2024-01-28T02:35:00,1052,Mobile-Mobile,Tower_Delhi_Central
2565,9876543210,8765432109,2024-01-28T11:56:00,1012,Mobile-Mobile,Tower_Bangalore
2566,9876543210,7654321098,2024-01-28T15:01:00,493,Mobile-Mobile,Tower_Bangalore
2567,9876543210,7654321098,2024-01-28T20:37:00,596,Mobile-Mobile,Tower_Mumbai_Central
2568,9876543210,7654321098,2024-01-28T20:08:00,756,Mobile-Mobile,Tower_Mumbai_Central
2569,9876543210,7654321098,2024-01-28T01:26:00,438,Mobile-Mobile,Tower_Mumbai_Central
2570,9876543210,7654321098,2024-01-28T14:17:00,60,Mobile-Mobile,Tower_UP_Kanpur
2571,9123456789,9876543210,2024-01-28T19:57:00,596,Mobile-Mobile,Tower_Bangalore
2572,9123456789,9876543210,2024-01-28T21:04:00,183,Mobile-Mobile,Tower_Mumbai_Central
2573,9123456789,9876543210,2024-01-28T23:48:00,576,Mobile-Mobile,Tower_Delhi_Central
2574,9123456789,9876543210,2024-01-28T17:13:00,290,Mobile-Mobile,Tower_UP_Kanpur
2575,9123456789,9876543210,2024-01-28T02:13:00,607,Mobile-Mobile,Tower_UP_Kanpur
2576,9123456789,9876543210,2024-01-28T13:02:00,912,Mobile-Mobile,Tower_UP_Kanpur
2577,9123456789,9876543210,2024-01-28T19:05:00,346,Mobile-Mobile,Tower_Delhi_Central
2578,9123456789,9876543210,2024-01-28T23:53:00,109,Mobile-Mobile,Tower_Bangalore
2579,9123456789,9876543210,2024-01-28T17:40:00,203,Mobile-Mobile,Tower_Delhi_Central
2580,9012345678,9876543210,2024-01-28T23:01:00,1195,Mobile-Mobile,Tower_Mumbai_Central
2581,9012345678,9876543210,2024-01-28T03:59:00,1012,Mobile-Mobile,Tower_Delhi_Central
2582,9012345678,9876543210,2024-01-28T21:13:00,516,Mobile-Mobile,Tower_Mumbai_Central
2583,9012345678,9876543210,2024-01-28T23:32:00,1141,Mobile-Mobile,Tower_Bangalore
2584,9012345678,9876543210,2024-01-28T18:39:00,964,Mobile-Mobile,Tower_Bangalore
2585,9012345678,9876543210,2024-01-28T03:02:00,668,Mobile-Mobile,Tower_UP_Kanpur
2586,8765432109,8912345678,2024-01-28T13:23:00,153,Mobile-Mobile,Tower_UP_Kanpur
2587,8765432109,8912345678,2024-01-28T19:27:00,543,Mobile-Mobile,Tower_Delhi_Central
2588,8765432109,8912345678,2024-01-28T21:41:00,532,Mobile-Mobile,Tower_Mumbai_Central
2589,8765432109,8912345678,2024-01-28T18:18:00,79,Mobile-Mobile,Tower_Bangalore
2590,8765432109,8912345678,2024-01-28T19:09:00,558,Mobile-Mobile,Tower_Mumbai_Central
2591,8765432109,8912345678,2024-01-28T12:26:00,698,Mobile-Mobile,Tower_Bangalore
2592,8765432109,8912345678,2024-01-28T23:40:00,1071,Mobile-Mobile,Tower_UP_Kanpur
2593,8765432109,8912345678,2024-01-28T20:10:00,665,Mobile-Mobile,Tower_Delhi_Central
2594,8765432109,8912345678,2024-01-28T23:20:00,699,Mobile-Mobile,Tower_Bangalore
2595,8765432109,8912345678,2024-01-28T19:51:00,520,Mobile-Mobile,Tower_Delhi_Central
2596,8765432109,8912345678,2024-01-28T10:59:00,972,Mobile-Mobile,Tower_Bangalore
2597,8765432109,8912345678,2024-01-28T18:50:00,466,Mobile-Mobile,Tower_Mumbai_Central
2598,8765432109,8912345678,2024-01-28T02:37:00,859,Mobile-Mobile,Tower_Mumbai_Central
2599,8765432109,6543210987,2024-01-28T10:25:00,299,Mobile-Mobile,Tower_Delhi_Central
2600,8765432109,6543210987,2024-01-28T15:23:00,797,Mobile-Mobile,Tower_Delhi_Central
2601,8765432109,6543210987,2024-01-28T12:15:00,800,Mobile-Mobile,Tower_Delhi_Central
2602,8765432109,6543210987,2024-01-28T01:12:00,1068,Mobile-Mobile,Tower_UP_Kanpur
2603,8765432109,6543210987,2024-01-28T11:07:00,939,Mobile-Mobile,Tower_UP_Kanpur
2604,8765432109,6543210987,2024-01-28T16:13:00,881,Mobile-Mobile,Tower_UP_Kanpur
2605,7654321098,7123456789,2024-01-28T01:18:00,360,Mobile-Mobile,Tower_Delhi_Central
2606,7654321098,7123456789,2024-01-28T11:15:00,716,Mobile-Mobile,Tower_Mumbai_Central
2607,7654321098,7123456789,2024-01-28T01:05:00,892,Mobile-Mobile,Tower_Mumbai_Central
2608,7654321098,7123456789,2024-01-28T01:39:00,255,Mobile-Mobile,Tower_UP_Kanpur
2609,7654321098,7123456789,2024-01-28T02:12:00,797,Mobile-Mobile,Tower_Bangalore
2610,7654321098,7123456789,2024-01-28T19:10:00,867,Mobile-Mobile,Tower_Bangalore
2611,7654321098,7123456789,2024-01-28T02:52:00,314,Mobile-Mobile,Tower_Bangalore
2612,7654321098,7123456789,2024-01-28T01:40:00,423,Mobile-Mobile,Tower_Delhi_Central
2613,7654321098,7123456789,2024-01-28T03:47:00,417,Mobile-Mobile,Tower_Bangalore
2614,7654321098,7123456789,2024-01-28T01:12:00,962,Mobile-Mobile,Tower_UP_Kanpur
2615,7654321098,7123456789,2024-01-28T10:09:00,396,Mobile-Mobile,Tower_Delhi_Central
2616,7654321098,7123456789,2024-01-28T01:19:00,843,Mobile-Mobile,Tower_Delhi_Central
2617,7654321098,7123456789,2024-01-28T16:11:00,244,Mobile-Mobile,Tower_Bangalore
2618,7654321098,7123456789,2024-01-28T09:33:00,157,Mobile-Mobile,Tower_Mumbai_Central
2619,7654321098,7123456789,2024-01-28T23:47:00,983,Mobile-Mobile,Tower_Bangalore
2620,7654321098,7123456789,2024-01-28T20:40:00,849,Mobile-Mobile,Tower_Delhi_Central
2621,7654321098,7123456789,2024-01-28T14:47:00,629,Mobile-Mobile,Tower_Bangalore
2622,7654321098,7123456789,2024-01-28T02:43:00,542,Mobile-Mobile,Tower_UP_Kanpur
2623,7123456789,7654321098,2024-01-28T12:00:00,1151,Mobile-Mobile,Tower_Bangalore
2624,7123456789,7654321098,2024-01-28T10:50:00,108,Mobile-Mobile,Tower_Bangalore
2625,7123456789,7654321098,2024-01-28T03:01:00,1173,Mobile-Mobile,Tower_UP_Kanpur
2626,7123456789,7654321098,2024-01-28T10:04:00,941,Mobile-Mobile,Tower_Bangalore
2627,7123456789,7654321098,2024-01-28T16:22:00,375,Mobile-Mobile,Tower_Delhi_Central
2628,7123456789,7654321098,2024-01-28T12:09:00,972,Mobile-Mobile,Tower_Mumbai_Central
2629,7123456789,7654321098,2024-01-28T14:50:00,58,Mobile-Mobile,Tower_Mumbai_Central
2630,7123456789,7654321098,2024-01-28T01:11:00,544,Mobile-Mobile,Tower_Bangalore
2631,7123456789,7654321098,2024-01-28T10:45:00,1119,Mobile-Mobile,Tower_Delhi_Central
2632,7123456789,7654321098,2024-01-28T15:45:00,932,Mobile-Mobile,Tower_Bangalore
2633,7123456789,7654321098,2024-01-28T02:58:00,880,Mobile-Mobile,Tower_Delhi_Central
2634,7123456789,7654321098,2024-01-28T02:44:00,1097,Mobile-Mobile,Tower_Mumbai_Central
2635,7123456789,7654321098,2024-01-28T12:04:00,540,Mobile-Mobile,Tower_Bangalore
2636,6543210987,6234567890,2024-01-28T21:43:00,948,Mobile-Mobile,Tower_Delhi_Central
2637,6543210987,6234567890,2024-01-28T16:43:00,312,Mobile-Mobile,Tower_Bangalore
2638,6543210987,6234567890,2024-01-28T17:01:00,432,Mobile-Mobile,Tower_Mumbai_Central
2639,6543210987,6234567890,2024-01-28T02:32:00,957,Mobile-Mobile,Tower_Delhi_Central
2640,6543210987,6234567890,2024-01-28T15:41:00,834,Mobile-Mobile,Tower_Delhi_Central
2641,6543210987,6234567890,2024-01-28T20:51:00,867,Mobile-Mobile,Tower_Delhi_Central
2642,6543210987,6234567890,2024-01-28T15:03:00,318,Mobile-Mobile,Tower_Mumbai_Central
2643,6543210987,6234567890,2024-01-28T01:46:00,1155,Mobile-Mobile,Tower_Delhi_Central
2644,6543210987,6234567890,2024-01-28T20:38:00,474,Mobile-Mobile,Tower_Mumbai_Central
2645,6543210987,6234567890,2024-01-28T17:47:00,1113,Mobile-Mobile,Tower_Delhi_Central
2646,6543210987,6234567890,2024-01-28T13:47:00,67,Mobile-Mobile,Tower_Bangalore
2647,9876543210,9123456789,2024-01-29T16:48:00,661,Mobile-Mobile,Tower_Bangalore
2648,9876543210,9123456789,2024-01-29T13:11:00,131,Mobile-Mobile,Tower_UP_Kanpur
2649,9876543210,9123456789,2024-01-29T21:40:00,352,Mobile-Mobile,Tower_UP_Kanpur
2650,9876543210,9123456789,2024-01-29T03:51:00,946,Mobile-Mobile,Tower_Mumbai_Central
2651,9876543210,9123456789,2024-01-29T11:54:00,920,Mobile-Mobile,Tower_UP_Kanpur
2652,9876543210,9123456789,2024-01-29T03:22:00,733,Mobile-Mobile,Tower_UP_Kanpur
2653,9876543210,8765432109,2024-01-29T14:47:00,502,Mobile-Mobile,Tower_Mumbai_Central
2654,9876543210,8765432109,2024-01-29T23:33:00,89,Mobile-Mobile,Tower_Delhi_Central
2655,9876543210,8765432109,2024-01-29T10:11:00,1167,Mobile-Mobile,Tower_Mumbai_Central
2656,9876543210,8765432109,2024-01-29T20:51:00,219,Mobile-Mobile,Tower_UP_Kanpur
2657,9876543210,8765432109,2024-01-29T23:55:00,520,Mobile-Mobile,Tower_Delhi_Central
2658,9876543210,8765432109,2024-01-29T14:28:00,1200,Mobile-Mobile,Tower_Mumbai_Central
2659,9876543210,8765432109,2024-01-29T19:29:00,1009,Mobile-Mobile,Tower_UP_Kanpur
2660,9876543210,8765432109,2024-01-29T20:24:00,624,Mobile-Mobile,Tower_Delhi_Central
2661,9876543210,7654321098,2024-01-29T03:40:00,325,Mobile-Mobile,Tower_Delhi_Central
2662,9876543210,7654321098,2024-01-29T13:12:00,694,Mobile-Mobile,Tower_Delhi_Central
2663,9876543210,7654321098,2024-01-29T13:29:00,724,Mobile-Mobile,Tower_Delhi_Central
2664,9876543210,7654321098,2024-01-29T11:00:00,1136,Mobile-Mobile,Tower_UP_Kanpur
2665,9876543210,7654321098,2024-01-29T03:41:00,497,Mobile-Mobile,Tower_Bangalore
2666,9876543210,7654321098,2024-01-29T02:31:00,921,Mobile-Mobile,Tower_UP_Kanpur
2667,9876543210,7654321098,2024-01-29T17:45:00,566,Mobile-Mobile,Tower_Mumbai_Central
2668,9876543210,7654321098,2024-01-29T12:22:00,31,Mobile-Mobile,Tower_Delhi_Central
2669,9123456789,9876543210,2024-01-29T03:03:00,1025,Mobile-Mobile,Tower_Delhi_Central
2670,9123456789,9876543210,2024-01-29T01:21:00,172,Mobile-Mobile,Tower_Delhi_Central
2671,9123456789,9876543210,2024-01-29T01:02:00,45,Mobile-Mobile,Tower_Bangalore
2672,9123456789,9876543210,2024-01-29T13:20:00,1044,Mobile-Mobile,Tower_Bangalore
2673,9123456789,9876543210,2024-01-29T13:53:00,1153,Mobile-Mobile,Tower_Delhi_Central
2674,9123456789,9876543210,2024-01-29T12:30:00,1027,Mobile-Mobile,Tower_Mumbai_Central
2675,9123456789,9876543210,2024-01-29T11:36:00,833,Mobile-Mobile,Tower_Delhi_Central
2676,9123456789,9876543210,2024-01-29T03:54:00,625,Mobile-Mobile,Tower_Bangalore
2677,9123456789,9876543210,2024-01-29T23:57:00,777,Mobile-Mobile,Tower_Mumbai_Central
2678,9123456789,9876543210,2024-01-29T02:59:00,245,Mobile-Mobile,Tower_Mumbai_Central
2679,9012345678,9876543210,2024-01-29T16:46:00,536,Mobile-Mobile,Tower_Delhi_Central
2680,9012345678,9876543210,2024-01-29T14:21:00,350,Mobile-Mobile,Tower_Mumbai_Central
2681,9012345678,9876543210,2024-01-29T01:03:00,1133,Mobile-Mobile,Tower_Mumbai_Central
2682,9012345678,9876543210,2024-01-29T02:38:00,369,Mobile-Mobile,Tower_Delhi_Central
2683,9012345678,9876543210,2024-01-29T03:38:00,712,Mobile-Mobile,Tower_UP_Kanpur
2684,9012345678,9876543210,2024-01-29T14:05:00,142,Mobile-Mobile,Tower_Bangalore
2685,9012345678,9876543210,2024-01-29T13:23:00,703,Mobile-Mobile,Tower_UP_Kanpur
2686,9012345678,9876543210,2024-01-29T14:24:00,611,Mobile-Mobile,Tower_Mumbai_Central
2687,8765432109,8912345678,2024-01-29T09:10:00,866,Mobile-Mobile,Tower_Delhi_Central
2688,8765432109,8912345678,2024-01-29T17:31:00,910,Mobile-Mobile,Tower_Mumbai_Central
2689,8765432109,8912345678,2024-01-29T14:20:00,596,Mobile-Mobile,Tower_Bangalore
2690,8765432109,8912345678,2024-01-29T16:01:00,497,Mobile-Mobile,Tower_UP_Kanpur
2691,8765432109,8912345678,2024-01-29T15:47:00,619,Mobile-Mobile,Tower_Mumbai_Central
2692,8765432109,8912345678,2024-01-29T11:22:00,949,Mobile-Mobile,Tower_UP_Kanpur
2693,8765432109,8912345678,2024-01-29T11:47:00,475,Mobile-Mobile,Tower_Bangalore
2694,8765432109,8912345678,2024-01-29T23:17:00,564,Mobile-Mobile,Tower_Mumbai_Central
2695,8765432109,8912345678,2024-01-29T09:41:00,790,Mobile-Mobile,Tower_UP_Kanpur
2696,8765432109,8912345678,2024-01-29T17:39:00,1002,Mobile-Mobile,Tower_Delhi_Central
2697,8765432109,8912345678,2024-01-29T13:57:00,1098,Mobile-Mobile,Tower_UP_Kanpur
2698,8765432109,8912345678,2024-01-29T13:54:00,785,Mobile-Mobile,Tower_Mumbai_Central
2699,8765432109,6543210987,2024-01-29T21:23:00,443,Mobile-Mobile,Tower_UP_Kanpur
2700,8765432109,6543210987,2024-01-29T20:51:00,195,Mobile-Mobile,Tower_Delhi_Central
2701,8765432109,6543210987,2024-01-29T03:16:00,660,Mobile-Mobile,Tower_Bangalore
2702,8765432109,6543210987,2024-01-29T19:15:00,1104,Mobile-Mobile,Tower_UP_Kanpur
2703,8765432109,6543210987,2024-01-29T01:57:00,213,Mobile-Mobile,Tower_Mumbai_Central
2704,8765432109,6543210987,2024-01-29T15:56:00,1030,Mobile-Mobile,Tower_Mumbai_Central
2705,8765432109,6543210987,2024-01-29T18:28:00,1122,Mobile-Mobile,Tower_Mumbai_Central
2706,8765432109,6543210987,2024-01-29T03:21:00,637,Mobile-Mobile,Tower_UP_Kanpur
2707,8765432109,6543210987,2024-01-29T01:53:00,121,Mobile-Mobile,Tower_UP_Kanpur
2708,7654321098,7123456789,2024-01-29T01:36:00,306,Mobile-Mobile,Tower_Mumbai_Central
2709,7654321098,7123456789,2024-01-29T13:33:00,549,Mobile-Mobile,Tower_Delhi_Central
2710,7654321098,7123456789,2024-01-29T21:08:00,296,Mobile-Mobile,Tower_UP_Kanpur
2711,7654321098,7123456789,2024-01-29T03:40:00,604,Mobile-Mobile,Tower_Delhi_Central
2712,7654321098,7123456789,2024-01-29T16:21:00,735,Mobile-Mobile,Tower_Bangalore
2713,7654321098,7123456789,2024-01-29T03:41:00,673,Mobile-Mobile,Tower_UP_Kanpur
2714,7654321098,7123456789,2024-01-29T19:57:00,321,Mobile-Mobile,Tower_UP_Kanpur
2715,7654321098,7123456789,2024-01-29T03:20:00,993,Mobile-Mobile,Tower_Bangalore
2716,7654321098,7123456789,2024-01-29T23:17:00,226,Mobile-Mobile,Tower_UP_Kanpur
2717,7654321098,7123456789,2024-01-29T11:00:00,652,Mobile-Mobile,Tower_Bangalore
2718,7654321098,7123456789,2024-01-29T10:27:00,661,Mobile-Mobile,Tower_Delhi_Central
2719,7654321098,7123456789,2024-01-29T15:09:00,1169,Mobile-Mobile,Tower_UP_Kanpur
2720,7654321098,7123456789,2024-01-29T10:02:00,653,Mobile-Mobile,Tower_Bangalore
2721,7654321098,7123456789,2024-01-29T13:35:00,868,Mobile-Mobile,Tower_UP_Kanpur
2722,7123456789,7654321098,2024-01-29T09:32:00,126,Mobile-Mobile,Tower_Delhi_Central
2723,7123456789,7654321098,2024-01-29T01:29:00,835,Mobile-Mobile,Tower_Mumbai_Central
2724,7123456789,7654321098,2024-01-29T23:42:00,1073,Mobile-Mobile,Tower_UP_Kanpur
2725,7123456789,7654321098,2024-01-29T10:49:00,239,Mobile-Mobile,Tower_Mumbai_Central
2726,7123456789,7654321098,2024-01-29T09:31:00,65,Mobile-Mobile,Tower_Mumbai_Central
2727,7123456789,7654321098,2024-01-29T14:51:00,347,Mobile-Mobile,Tower_UP_Kanpur
2728,7123456789,7654321098,2024-01-29T21:09:00,1186,Mobile-Mobile,Tower_Delhi_Central
2729,7123456789,7654321098,2024-01-29T02:49:00,1169,Mobile-Mobile,Tower_UP_Kanpur
2730,7123456789,7654321098,2024-01-29T01:20:00,967,Mobile-Mobile,Tower_UP_Kanpur
2731,7123456789,7654321098,2024-01-29T02:20:00,216,Mobile-Mobile,Tower_Delhi_Central
2732,7123456789,7654321098,2024-01-29T11:45:00,47,Mobile-Mobile,Tower_Bangalore
2733,7123456789,7654321098,2024-01-29T12:41:00,585,Mobile-Mobile,Tower_UP_Kanpur
2734,7123456789,7654321098,2024-01-29T09:31:00,764,Mobile-Mobile,Tower_UP_Kanpur
2735,7123456789,7654321098,2024-01-29T18:06:00,909,Mobile-Mobile,Tower_Mumbai_Central
2736,7123456789,7654321098,2024-01-29T16:40:00,861,Mobile-Mobile,Tower_UP_Kanpur
2737,7123456789,7654321098,2024-01-29T20:18:00,560,Mobile-Mobile,Tower_UP_Kanpur
2738,7123456789,7654321098,2024-01-29T21:02:00,968,Mobile-Mobile,Tower_UP_Kanpur
2739,7123456789,7654321098,2024-01-29T17:08:00,198,Mobile-Mobile,Tower_UP_Kanpur
2740,6543210987,6234567890,2024-01-29T02:20:00,239,Mobile-Mobile,Tower_Mumbai_Central
2741,6543210987,6234567890,2024-01-29T01:01:00,244,Mobile-Mobile,Tower_Bangalore
2742,6543210987,6234567890,2024-01-29T23:38:00,483,Mobile-Mobile,Tower_Delhi_Central
2743,6543210987,6234567890,2024-01-29T23:51:00,1097,Mobile-Mobile,Tower_Delhi_Central
2744,6543210987,6234567890,2024-01-29T11:47:00,584,Mobile-Mobile,Tower_Delhi_Central
2745,6543210987,6234567890,2024-01-29T03:53:00,719,Mobile-Mobile,Tower_Mumbai_Central
2746,6543210987,6234567890,2024-01-29T02:36:00,1121,Mobile-Mobile,Tower_UP_Kanpur
2747,6543210987,6234567890,2024-01-29T14:57:00,606,Mobile-Mobile,Tower_Bangalore
2748,6543210987,6234567890,2024-01-29T09:11:00,531,Mobile-Mobile,Tower_Bangalore
2749,9876543210,9123456789,2024-01-30T01:03:00,1158,Mobile-Mobile,Tower_Bangalore
2750,9876543210,9123456789,2024-01-30T01:09:00,247,Mobile-Mobile,Tower_UP_Kanpur
2751,9876543210,9123456789,2024-01-30T23:52:00,569,Mobile-Mobile,Tower_Delhi_Central
2752,9876543210,9123456789,2024-01-30T02:06:00,360,Mobile-Mobile,Tower_Bangalore
2753,9876543210,9123456789,2024-01-30T02:20:00,379,Mobile-Mobile,Tower_Bangalore
2754,9876543210,9123456789,2024-01-30T16:12:00,1091,Mobile-Mobile,Tower_Mumbai_Central
2755,9876543210,9123456789,2024-01-30T09:50:00,702,Mobile-Mobile,Tower_Mumbai_Central
2756,9876543210,9123456789,2024-01-30T23:52:00,552,Mobile-Mobile,Tower_Mumbai_Central
2757,9876543210,8765432109,2024-01-30T18:15:00,1191,Mobile-Mobile,Tower_Bangalore
2758,9876543210,8765432109,2024-01-30T01:05:00,888,Mobile-Mobile,Tower_Mumbai_Central
2759,9876543210,8765432109,2024-01-30T23:44:00,363,Mobile-Mobile,Tower_Mumbai_Central
2760,9876543210,8765432109,2024-01-30T13:24:00,371,Mobile-Mobile,Tower_Mumbai_Central
2761,9876543210,7654321098,2024-01-30T01:05:00,141,Mobile-Mobile,Tower_Delhi_Central
2762,9876543210,7654321098,2024-01-30T16:20:00,368,Mobile-Mobile,Tower_Mumbai_Central
2763,9876543210,7654321098,2024-01-30T21:48:00,972,Mobile-Mobile,Tower_UP_Kanpur
2764,9876543210,7654321098,2024-01-30T16:27:00,834,Mobile-Mobile,Tower_Mumbai_Central
2765,9876543210,7654321098,2024-01-30T23:28:00,1111,Mobile-Mobile,Tower_UP_Kanpur
2766,9876543210,7654321098,2024-01-30T01:10:00,282,Mobile-Mobile,Tower_Mumbai_Central
2767,9876543210,7654321098,2024-01-30T15:25:00,630,Mobile-Mobile,Tower_UP_Kanpur
2768,9876543210,7654321098,2024-01-30T14:12:00,550,Mobile-Mobile,Tower_UP_Kanpur
2769,9123456789,9876543210,2024-01-30T23:05:00,262,Mobile-Mobile,Tower_UP_Kanpur
2770,9123456789,9876543210,2024-01-30T17:05:00,1147,Mobile-Mobile,Tower_Mumbai_Central
2771,9123456789,9876543210,2024-01-30T03:35:00,400,Mobile-Mobile,Tower_Delhi_Central
2772,9123456789,9876543210,2024-01-30T19:31:00,64,Mobile-Mobile,Tower_Mumbai_Central
2773,9123456789,9876543210,2024-01-30T15:09:00,548,Mobile-Mobile,Tower_Delhi_Central
2774,9123456789,9876543210,2024-01-30T09:01:00,413,Mobile-Mobile,Tower_Delhi_Central
2775,9123456789,9876543210,2024-01-30T17:42:00,771,Mobile-Mobile,Tower_Delhi_Central
2776,9123456789,9876543210,2024-01-30T02:42:00,782,Mobile-Mobile,Tower_Mumbai_Central
2777,9123456789,9876543210,2024-01-30T21:50:00,1082,Mobile-Mobile,Tower_Delhi_Central
2778,9012345678,9876543210,2024-01-30T13:29:00,896,Mobile-Mobile,Tower_UP_Kanpur
2779,9012345678,9876543210,2024-01-30T09:13:00,178,Mobile-Mobile,Tower_Bangalore
2780,9012345678,9876543210,2024-01-30T10:46:00,151,Mobile-Mobile,Tower_Mumbai_Central
2781,9012345678,9876543210,2024-01-30T11:04:00,295,Mobile-Mobile,Tower_UP_Kanpur
2782,9012345678,9876543210,2024-01-30T16:19:00,581,Mobile-Mobile,Tower_Delhi_Central
2783,9012345678,9876543210,2024-01-30T12:51:00,1186,Mobile-Mobile,Tower_Bangalore
2784,9012345678,9876543210,2024-01-30T10:10:00,377,Mobile-Mobile,Tower_UP_Kanpur
2785,9012345678,9876543210,2024-01-30T23:32:00,246,Mobile-Mobile,Tower_UP_Kanpur
2786,9012345678,9876543210,2024-01-30T20:16:00,151,Mobile-Mobile,Tower_Delhi_Central
2787,8765432109,8912345678,2024-01-30T11:24:00,878,Mobile-Mobile,Tower_Bangalore
2788,8765432109,8912345678,2024-01-30T02:01:00,284,Mobile-Mobile,Tower_Mumbai_Central
2789,8765432109,8912345678,2024-01-30T19:32:00,244,Mobile-Mobile,Tower_Delhi_Central
2790,8765432109,8912345678,2024-01-30T11:30:00,461,Mobile-Mobile,Tower_Bangalore
2791,8765432109,8912345678,2024-01-30T12:43:00,411,Mobile-Mobile,Tower_Bangalore
2792,8765432109,8912345678,2024-01-30T17:54:00,1149,Mobile-Mobile,Tower_Mumbai_Central
2793,8765432109,8912345678,2024-01-30T13:02:00,901,Mobile-Mobile,Tower_Delhi_Central
2794,8765432109,8912345678,2024-01-30T23:11:00,1165,Mobile-Mobile,Tower_Delhi_Central
2795,8765432109,8912345678,2024-01-30T10:57:00,606,Mobile-Mobile,Tower_UP_Kanpur
2796,8765432109,8912345678,2024-01-30T15:41:00,973,Mobile-Mobile,Tower_UP_Kanpur
2797,8765432109,8912345678,2024-01-30T01:49:00,527,Mobile-Mobile,Tower_UP_Kanpur
2798,8765432109,8912345678,2024-01-30T02:23:00,756,Mobile-Mobile,Tower_Bangalore
2799,8765432109,6543210987,2024-01-30T23:28:00,367,Mobile-Mobile,Tower_UP_Kanpur
2800,8765432109,6543210987,2024-01-30T01:40:00,920,Mobile-Mobile,Tower_UP_Kanpur
2801,8765432109,6543210987,2024-01-30T21:24:00,127,Mobile-Mobile,Tower_Bangalore
2802,8765432109,6543210987,2024-01-30T12:14:00,1158,Mobile-Mobile,Tower_Delhi_Central
2803,8765432109,6543210987,2024-01-30T14:50:00,85,Mobile-Mobile,Tower_Bangalore
2804,8765432109,6543210987,2024-01-30T02:19:00,974,Mobile-Mobile,Tower_Mumbai_Central
2805,7654321098,7123456789,2024-01-30T02:51:00,1077,Mobile-Mobile,Tower_Mumbai_Central
2806,7654321098,7123456789,2024-01-30T09:23:00,227,Mobile-Mobile,Tower_Mumbai_Central
2807,7654321098,7123456789,2024-01-30T16:38:00,56,Mobile-Mobile,Tower_UP_Kanpur
2808,7654321098,7123456789,2024-01-30T18:17:00,1104,Mobile-Mobile,Tower_Mumbai_Central
2809,7654321098,7123456789,2024-01-30T20:35:00,877,Mobile-Mobile,Tower_UP_Kanpur
2810,7654321098,7123456789,2024-01-30T03:47:00,384,Mobile-Mobile,Tower_Bangalore
2811,7654321098,7123456789,2024-01-30T02:42:00,907,Mobile-Mobile,Tower_Bangalore
2812,7654321098,7123456789,2024-01-30T10:28:00,388,Mobile-Mobile,Tower_Bangalore
2813,7654321098,7123456789,2024-01-30T23:56:00,848,Mobile-Mobile,Tower_Delhi_Central
2814,7654321098,7123456789,2024-01-30T02:52:00,49,Mobile-Mobile,Tower_UP_Kanpur
2815,7654321098,7123456789,2024-01-30T23:37:00,895,Mobile-Mobile,Tower_Delhi_Central
2816,7654321098,7123456789,2024-01-30T09:35:00,233,Mobile-Mobile,Tower_Delhi_Central
2817,7654321098,7123456789,2024-01-30T01:13:00,960,Mobile-Mobile,Tower_Mumbai_Central
2818,7654321098,7123456789,2024-01-30T23:20:00,1076,Mobile-Mobile,Tower_Bangalore
2819,7654321098,7123456789,2024-01-30T01:57:00,1108,Mobile-Mobile,Tower_UP_Kanpur
2820,7654321098,7123456789,2024-01-30T18:27:00,989,Mobile-Mobile,Tower_UP_Kanpur
2821,7654321098,7123456789,2024-01-30T11:07:00,459,Mobile-Mobile,Tower_Delhi_Central
2822,7654321098,7123456789,2024-01-30T14:42:00,598,Mobile-Mobile,Tower_UP_Kanpur
2823,7123456789,7654321098,2024-01-30T01:40:00,504,Mobile-Mobile,Tower_Delhi_Central
2824,7123456789,7654321098,2024-01-30T23:55:00,1062,Mobile-Mobile,Tower_UP_Kanpur
2825,7123456789,7654321098,2024-01-30T01:35:00,646,Mobile-Mobile,Tower_Delhi_Central
2826,7123456789,7654321098,2024-01-30T10:34:00,884,Mobile-Mobile,Tower_Delhi_Central
2827,7123456789,7654321098,2024-01-30T13:46:00,1185,Mobile-Mobile,Tower_Bangalore
2828,7123456789,7654321098,2024-01-30T02:51:00,185,Mobile-Mobile,Tower_Mumbai_Central
2829,7123456789,7654321098,2024-01-30T15:09:00,936,Mobile-Mobile,Tower_UP_Kanpur
2830,7123456789,7654321098,2024-01-30T11:43:00,400,Mobile-Mobile,Tower_Mumbai_Central
2831,7123456789,7654321098,2024-01-30T12:33:00,551,Mobile-Mobile,Tower_Mumbai_Central
2832,7123456789,7654321098,2024-01-30T13:14:00,482,Mobile-Mobile,Tower_Delhi_Central
2833,7123456789,7654321098,2024-01-30T11:15:00,172,Mobile-Mobile,Tower_Mumbai_Central
2834,7123456789,7654321098,2024-01-30T02:55:00,1011,Mobile-Mobile,Tower_Bangalore
2835,7123456789,7654321098,2024-01-30T12:48:00,353,Mobile-Mobile,Tower_UP_Kanpur
2836,7123456789,7654321098,2024-01-30T19:25:00,810,Mobile-Mobile,Tower_UP_Kanpur
2837,7123456789,7654321098,2024-01-30T03:33:00,237,Mobile-Mobile,Tower_UP_Kanpur
2838,7123456789,7654321098,2024-01-30T01:44:00,127,Mobile-Mobile,Tower_Bangalore
2839,7123456789,7654321098,2024-01-30T18:14:00,515,Mobile-Mobile,Tower_UP_Kanpur
2840,7123456789,7654321098,2024-01-30T01:35:00,594,Mobile-Mobile,Tower_Delhi_Central
2841,6543210987,6234567890,2024-01-30T16:06:00,127,Mobile-Mobile,Tower_UP_Kanpur
2842,6543210987,6234567890,2024-01-30T23:14:00,490,Mobile-Mobile,Tower_Delhi_Central
2843,6543210987,6234567890,2024-01-30T15:28:00,499,Mobile-Mobile,Tower_Mumbai_Central
2844,6543210987,6234567890,2024-01-30T16:52:00,1044,Mobile-Mobile,Tower_Mumbai_Central
2845,6543210987,6234567890,2024-01-30T02:18:00,855,Mobile-Mobile,Tower_Mumbai_Central
2846,6543210987,6234567890,2024-01-30T03:12:00,256,Mobile-Mobile,Tower_Mumbai_Central
2847,6543210987,6234567890,2024-01-30T23:29:00,292,Mobile-Mobile,Tower_UP_Kanpur
2848,6543210987,6234567890,2024-01-30T13:21:00,756,Mobile-Mobile,Tower_UP_Kanpur
